ItemID,category_id,name,description,price,brand,image,AllImagesURLs,ItemSpecifications
B0CLVL9DLH,8464301031,"Primelife Plastic Rectangular Medicine Box, Medical Box, First aid Box, Multi Purpose Box, Multi Utility Storage with Handle (White)","[""Primelife handy first aid medical box, essential to deal with minor accidents or injuries. It's compact shape facilitates easy storage of all basic medical equipment’s."", 'The see-through lid which makes it easy for you to identify the contents easily even without opening the box. Additional partition helps segregate the equipment’s and Medicines so you can find the correct medicine at the time of emergency.', 'It is BPA Free, Reusable and Recyclable. The attached handle makes it convenient to carry. Made of highly durable and strong quality plastic for long term use.', 'The box can be easily stored in a medical cabinet or in your car because of its compact shape. This medical box comes with a Cross symbol on the body which makes it easily recognisable as a first aid kit.', 'This IMMERSE medical box comes equipped with a partition tray which segregates the medicines neatly so you can find the correct medicine at the time of emergency. The segregation tray divides the box into two halves which facilitates an organised manner of storage.']",156,Primelife,https://m.media-amazon.com/images/I/61sSPfeGs-L._SL1500_.jpg,"[""https://m.media-amazon.com/images/I/61sSPfeGs-L._SL1500_.jpg"", ""https://m.media-amazon.com/images/I/51vNHlsk5NL._SL1500_.jpg"", ""https://m.media-amazon.com/images/I/31kveJ1Bl2L.jpg"", ""https://m.media-amazon.com/images/I/61ZDyyqYG0L._SL1500_.jpg"", ""https://m.media-amazon.com/images/I/61evvTloZ3L._SL1500_.jpg"", ""https://m.media-amazon.com/images/I/51-aE4AoMxL._SL1150_.jpg"", ""https://m.media-amazon.com/images/I/517sWerzg4L._SL1500_.jpg""]","{""Brand"": ""Primelife"", ""Colour"": ""White"", ""Material"": ""Plastic"", ""Special Feature"": ""Airtight"", ""Style"": ""Asian"", ""Recommended Uses For Product"": ""For Cosmetics & Make-Up"", ""Product Dimensions"": ""10L x 10W x 10H Centimeters"", ""Closure Type"": ""Latch"", ""Item Weight"": ""499 g"", ""Shape"": ""Square"", ""Number of Items"": ""1"", ""Number of Compartments"": ""2"", ""Net Quantity"": ""1.00 count"", ""Material Feature"": ""BPA Free"", ""Color"": ""White"", ""Shipping Weight"": ""0.41 Kilograms"", ""Item Model Number"": ""Medical box-101"", ""Item Part Number"": ""Medical box-101"", ""Primary material"": ""Plastic"", ""Finish Type"": ""Finished"", ""Capacity"": ""Medium"", ""Number of Pieces"": ""1"", ""What is in the box?"": ""Storage Box"", ""Manufacturer"": ""Primelife india pvt ltd., \u200ePrimelife india pvt ltd."", ""Country of Origin"": ""India"", ""ASIN"": ""B0CLVL9DLH"", ""Date First Available"": ""26 October 2023"", ""Packer"": ""Primelife india pvt ltd."", ""Importer"": ""Primelife india pvt ltd."", ""Generic Name"": ""Box""}"
B0BNBZZFBN,18049712031,Cofsils Orange - Strip of 10 Lozenges,"['Composition: 2 4 Dichlorobenzyl Alcohol-1.2Mg+Amylmetacresol-0.6Mg', 'Dosage: As directed by the Physician', 'Storage Instructions: Store protected from moisture at a temperature not exceeding 30° C']",28,,https://m.media-amazon.com/images/I/213wOXyRurL.jpg,"[""https://m.media-amazon.com/images/I/213wOXyRurL.jpg""]","{""Is Discontinued By Manufacturer"": ""No"", ""Product Dimensions"": ""14 x 4 x 2 cm; 15 g"", ""Date First Available"": ""25 November 2022"", ""ASIN"": ""B0BNBZZFBN"", ""Item part number"": ""B0BNBZZFBN"", ""Country of Origin"": ""India"", ""Packer"": ""Cipla Ltd"", ""Item Weight"": ""15 g"", ""Item Dimensions LxWxH"": ""14 x 4 x 2 Centimeters"", ""Net Quantity"": ""10 Others"", ""Included Components"": ""Others"", ""Generic Name"": ""Cofsils O""}"
B07TTNY4GC,1374501031,"Zandu Pancharishta 650ml, Ayurvedic Tonic, Relief from disgetive problems like Acidity, Constipation and Gas, boosts digestive immunity","['Works at the root of digestive problems', 'Provides long term relief from all digestive problems', 'Works at the 7 digestive centres and improve their functioning', 'Formulated from the traditional asava-arishta technology', 'Ayurvedic 35 ingredient']",178,,https://m.media-amazon.com/images/I/61J9gXM+qFL._SL1500_.jpg,"[""https://m.media-amazon.com/images/I/61J9gXM+qFL._SL1500_.jpg"", ""https://m.media-amazon.com/images/I/71TnWI5iTBL._SL1500_.jpg"", ""https://m.media-amazon.com/images/I/71GxCH11zFL._SL1500_.jpg"", ""https://m.media-amazon.com/images/I/71CWO0+kdJL._SL1500_.jpg"", ""https://m.media-amazon.com/images/I/71+Htane22L._SL1500_.jpg"", ""https://m.media-amazon.com/images/I/71dijWeF3vL._SL1500_.jpg"", ""https://m.media-amazon.com/images/I/71Pd78UBU3L._SL1500_.jpg"", ""https://m.media-amazon.com/images/I/71egBNY0cHL._SL1500_.jpg"", ""https://m.media-amazon.com/images/I/719iucjkBGL._SL1500_.jpg""]","{""Manufacturer"": ""Emami Ltd., EMAMI LIMITED"", ""Country of Origin"": ""India"", ""Item model number"": ""8901248704045"", ""Product Dimensions"": ""7.9 x 3.1 x 7.9 cm; 650 g"", ""ASIN"": ""B07TTNY4GC"", ""Packer"": ""Emami Group, Emami Tower, 687 Anandapur, EM Bypass, Kolkata 700 107."", ""Item Weight"": ""650 g"", ""Item Dimensions LxWxH"": ""7.9 x 3.1 x 7.9 Centimeters"", ""Net Quantity"": ""650.0 millilitre"", ""Generic Name"": ""Zandu Pancharishta 650 ml"", ""Best Sellers Rank"": ""#240 in Health & Personal Care (See Top 100 in Health & Personal Care)   #1 in Digestion & Nausea""}"
B08W36QBV9,27060733031,Dabur Jamun Neem Karela Juice - 1L | Helps Control Blood Sugar Level & Reduces Bad Cholesterol | Good for Metabolic & Digestive Health | Ayurvedic Health Juice For Diabetic Care,"['100% Ayurvedic, Pure, Natural & Safe', 'Free from Synthetic Colours and flavours', 'Supports healthy Blood Sugar', 'Helps promote Healthy Glucose Levels', 'Good for Metabolic & Digestive Health']",260,,https://m.media-amazon.com/images/I/815ISK5MWBL._SL1500_.jpg,"[""https://m.media-amazon.com/images/I/815ISK5MWBL._SL1500_.jpg"", ""https://m.media-amazon.com/images/I/81rTMrNxnEL._SL1500_.jpg"", ""https://m.media-amazon.com/images/I/71OIVSQiwIL._SL1500_.jpg"", ""https://m.media-amazon.com/images/I/61Qzha6PY2L._SL1500_.jpg"", ""https://m.media-amazon.com/images/I/71ZKEghc+6L._SL1500_.jpg"", ""https://m.media-amazon.com/images/I/71H+ExxAh0L._SL1500_.jpg"", ""https://m.media-amazon.com/images/I/71+YlA1YV7L._SL1500_.jpg""]","{""Manufacturer"": ""Dabur India Ltd., Dabur India Ltd"", ""Country of Origin"": ""India"", ""Item model number"": ""8901207036484"", ""Product Dimensions"": ""9 x 7 x 25 cm; 1 kg"", ""ASIN"": ""B08W36QBV9"", ""Packer"": ""Dabur India Ltd"", ""Item Weight"": ""1 kg"", ""Item Dimensions LxWxH"": ""9 x 7 x 25 Centimeters"", ""Net Quantity"": ""1000.0 millilitre"", ""Generic Name"": ""Jamun Neem Karela Juice"", ""Best Sellers Rank"": ""#189 in Health & Personal Care (See Top 100 in Health & Personal Care)   #2 in Diabetes Care   #3 in Karela""}"
B00U7A6M9G,11364705031,Himalaya Liv.52 DS Tablets 60,['100% Original'],195,,https://m.media-amazon.com/images/I/71CBlFFaTgL._SL1500_.jpg,"[""https://m.media-amazon.com/images/I/71CBlFFaTgL._SL1500_.jpg"", ""https://m.media-amazon.com/images/I/61Rs0oCd54L._SL1000_.jpg"", ""https://m.media-amazon.com/images/I/615GNBELorL._SL1000_.jpg"", ""https://m.media-amazon.com/images/I/61SgAoq5lvL._SL1000_.jpg"", ""https://m.media-amazon.com/images/I/617ToglvIlL._SL1000_.jpg""]","{""Manufacturer"": ""Himalaya, The Himalaya Drug Company, Makali, Bengalure, 562162; 1-800-208-1930"", ""Country of Origin"": ""India"", ""Item model number"": ""7000256"", ""Product Dimensions"": ""6.1 x 4.8 x 9.2 cm; 40 g"", ""ASIN"": ""B00U7A6M9G"", ""Packer"": ""The Himalaya Drug Company, Makali, Bengalure, 562162; 1-800-208-1930"", ""Item Weight"": ""40 g"", ""Item Dimensions LxWxH"": ""6.1 x 4.8 x 9.2 Centimeters"", ""Net Quantity"": ""60 count"", ""Included Components"": ""60 tablets"", ""Generic Name"": ""Tablets"", ""Best Sellers Rank"": ""#418 in Health & Personal Care (See Top 100 in Health & Personal Care)   #15 in Herbal Supplements""}"
B00JNQLIYY,27060757031,"Dabur Shilajit Gold - 20 Capsules | 100% Ayurvedic Capsules for Strength , Stamina and Power | Premium Ayurvedic Supplement | For Men","['Shilajit Gold is an Ayurvedic formulation which is good for improving strength, stamina and power and beneficial in relieving general weakness;Contains “Kapikacchu” which is an antioxidant & has neuroprotective effect', 'Shuddha Shilajit (Purified Shilajit), helps in ATP synthesis in muscle, it is useful in stress & has antioxidant properties;This also contains Aswagandha which helps in stress and is good for immunity', 'Akarakarabha & Safed Musali are Strength enhancers; Gokshura has anti-fatigue properties', 'Swarna Bhasma, Rajat bhasma, Yashad Bhasma: These are physical strength and endurance enhancers & they have antioxidant properties. Paraben Free. Treatment Form: Powder. Organic Type: Ayurvedic', 'Container Type: Bottle ; Material Features: Certified Organic ; Container Type: Bottle', 'Shilajit Gold is an Ayurvedic formulation which is good for improving strength, stamina and power and beneficial in relieving general weakness;Contains “Kapikacchu” which is an antioxidant & has neuroprotective effect', 'Shuddha Shilajit (Purified Shilajit), helps in ATP synthesis in muscle, it is useful in stress & has antioxidant properties;This also contains Aswagandha which helps in stress and is good for immunity', 'Akarakarabha & Safed Musali are Strength enhancers; Gokshura has anti-fatigue properties', 'Swarna Bhasma, Rajat bhasma, Yashad Bhasma: These are physical strength and endurance enhancers & they have antioxidant properties. Paraben Free. Treatment Form: Powder. Organic Type: Ayurvedic', 'COMMONLY SEARCHED TOPICS: shilajit, dabur shilajit, himalayan shilajit, dabur himalayan shilajit, himalyan shilajit, dabur shilajit resin, shilajit resin, himalayan shilajit resin, dabur himalyan shilajit resin, resin shilajit, testesterone booster, testosterone booster, shilajit capsules, dabur shilajit capsules, dabur shilajit tablets, dabur shilajit tabs, shilajit tabs, shilajit tablets, shilajit gold, dabur shilajit gold, gold shilajit']",400,,https://m.media-amazon.com/images/I/81v6M7IhQaL._SL1500_.jpg,"[""https://m.media-amazon.com/images/I/81v6M7IhQaL._SL1500_.jpg"", ""https://m.media-amazon.com/images/I/81gNRadGmVL._SL1500_.jpg"", ""https://m.media-amazon.com/images/I/81TsgAWhhXL._SL1500_.jpg"", ""https://m.media-amazon.com/images/I/81lns2R7J0L._SL1500_.jpg""]","{""Manufacturer"": ""Dabur India Limited, Dabur India Ltd , (Unit 2), Integrated Industrial Estate, Plot No. 16, Sector 2, Pantnagar, Distt. Udham Singh Nagar, Uttarakhand \u2013 263146 Toll Free No:1800-103-1644"", ""Country of Origin"": ""India"", ""Item model number"": ""FA531020"", ""Product Dimensions"": ""307.1 x 47.2 x 236.2 cm; 170 g"", ""ASIN"": ""B00JNQLIYY"", ""Packer"": ""Dabur India Ltd , (Unit 2), Integrated Industrial Estate, Plot No. 16, Sector 2, Pantnagar, Distt. Udham Singh Nagar, Uttarakhand \u2013 263146 Toll Free No:1800-103-1644"", ""Item Weight"": ""170 g"", ""Item Dimensions LxWxH"": ""3.07 x 0.47 x 2.36 Meters"", ""Net Quantity"": ""20 count"", ""Included Components"": ""1"", ""Generic Name"": ""Tablets/Capsules"", ""Best Sellers Rank"": ""#903 in Health & Personal Care (See Top 100 in Health & Personal Care)   #9 in Shilajit""}"
B0CLVL9DLH,8464301031,"Primelife Plastic Rectangular Medicine Box, Medical Box, First aid Box, Multi Purpose Box, Multi Utility Storage with Handle (White)","[""Primelife handy first aid medical box, essential to deal with minor accidents or injuries. It's compact shape facilitates easy storage of all basic medical equipment’s."", 'The see-through lid which makes it easy for you to identify the contents easily even without opening the box. Additional partition helps segregate the equipment’s and Medicines so you can find the correct medicine at the time of emergency.', 'It is BPA Free, Reusable and Recyclable. The attached handle makes it convenient to carry. Made of highly durable and strong quality plastic for long term use.', 'The box can be easily stored in a medical cabinet or in your car because of its compact shape. This medical box comes with a Cross symbol on the body which makes it easily recognisable as a first aid kit.', 'This IMMERSE medical box comes equipped with a partition tray which segregates the medicines neatly so you can find the correct medicine at the time of emergency. The segregation tray divides the box into two halves which facilitates an organised manner of storage.']",156,Primelife,https://m.media-amazon.com/images/I/61sSPfeGs-L._SL1500_.jpg,"[""https://m.media-amazon.com/images/I/61sSPfeGs-L._SL1500_.jpg"", ""https://m.media-amazon.com/images/I/51vNHlsk5NL._SL1500_.jpg"", ""https://m.media-amazon.com/images/I/31kveJ1Bl2L.jpg"", ""https://m.media-amazon.com/images/I/61ZDyyqYG0L._SL1500_.jpg"", ""https://m.media-amazon.com/images/I/61evvTloZ3L._SL1500_.jpg"", ""https://m.media-amazon.com/images/I/51-aE4AoMxL._SL1150_.jpg"", ""https://m.media-amazon.com/images/I/517sWerzg4L._SL1500_.jpg""]","{""Brand"": ""Primelife"", ""Colour"": ""White"", ""Material"": ""Plastic"", ""Special Feature"": ""Airtight"", ""Style"": ""Asian"", ""Recommended Uses For Product"": ""For Cosmetics & Make-Up"", ""Product Dimensions"": ""10L x 10W x 10H Centimeters"", ""Closure Type"": ""Latch"", ""Item Weight"": ""499 g"", ""Shape"": ""Square"", ""Number of Items"": ""1"", ""Number of Compartments"": ""2"", ""Net Quantity"": ""1.00 count"", ""Material Feature"": ""BPA Free"", ""Color"": ""White"", ""Shipping Weight"": ""0.41 Kilograms"", ""Item Model Number"": ""Medical box-101"", ""Item Part Number"": ""Medical box-101"", ""Primary material"": ""Plastic"", ""Finish Type"": ""Finished"", ""Capacity"": ""Medium"", ""Number of Pieces"": ""1"", ""What is in the box?"": ""Storage Box"", ""Manufacturer"": ""Primelife india pvt ltd., \u200ePrimelife india pvt ltd."", ""Country of Origin"": ""India"", ""ASIN"": ""B0CLVL9DLH"", ""Date First Available"": ""26 October 2023"", ""Packer"": ""Primelife india pvt ltd."", ""Importer"": ""Primelife india pvt ltd."", ""Generic Name"": ""Box""}"
B01DQV8BIM,27060758031,Himalaya Ashvagandha General Wellness Tablets | Stress Relief | Rejuvenates Mind & Body - 60 Tablets,"['Ashvagandha normalizes the excessive cortisol levels and thereby helps relieves stress.', 'Ashwagandha helps improve the overall sleep quality and maintains healthy sleep patterns. It also helps combat pent-up fatigue and gives a boost to the energy levels..', 'Himalaya Ashvagandha is 100% vegetarian-Free from sugar, artificial colors, artificial flavors, and preservatives.', 'Ashvagandha promotes physical and mental health, rejuvenates the body in weakened conditions, and increases longevity.', 'Ashvagandha builds strength and immunity by improving the overall capacity of the body to fight infections and diseases.', 'Herbal Extract : Made with Authentic 250 Gm of Pure Ashvagandha root extract.']",204,,https://m.media-amazon.com/images/I/61eNW65rU0L._SL1200_.jpg,"[""https://m.media-amazon.com/images/I/61eNW65rU0L._SL1200_.jpg"", ""https://m.media-amazon.com/images/I/61sHlEey2gL._SL1200_.jpg"", ""https://m.media-amazon.com/images/I/61upZSEH-7L._SL1000_.jpg"", ""https://m.media-amazon.com/images/I/71YJEHUlDtL._SL1200_.jpg"", ""https://m.media-amazon.com/images/I/619CM9vxhmL._SL1200_.jpg"", ""https://m.media-amazon.com/images/I/71FEMpQ+IsL._SL1200_.jpg"", ""https://m.media-amazon.com/images/I/71Rzl1CSqKL._SL1200_.jpg""]","{""Manufacturer"": ""The Himalaya Drug Company, The Himalaya Drug Company, Makali, Bengalure, 562162; 1-800-208-1930"", ""Country of Origin"": ""India"", ""Item model number"": ""7002304"", ""Product Dimensions"": ""6.1 x 4.8 x 9.2 cm; 60 g"", ""ASIN"": ""B01DQV8BIM"", ""Packer"": ""The Himalaya Drug Company, Makali, Bengalure, 562162; 1-800-208-1930"", ""Importer"": ""JAYANTILAL AND BROTHERS,GALA NO 6-7,NADIYADWALA COMPOUND,HAJI BAPU ROAD,MALAD EAST,MUMBAI 400097"", ""Item Weight"": ""60 g"", ""Item Dimensions LxWxH"": ""6.1 x 4.8 x 9.2 Centimeters"", ""Net Quantity"": ""60 count"", ""Included Components"": ""60 tablets 60NOS"", ""Generic Name"": ""ASHVAGANDHA"", ""Best Sellers Rank"": ""#89 in Health & Personal Care (See Top 100 in Health & Personal Care)   #1 in Ashwagandha""}"
B07D3ZN77Z,4264025031,Himalaya Wellness | Pilex Tablet | Piles Treatment | Trusted Piles Treatment|60 Tablets,"['Controls bleeding', 'Reduces pain', 'Provides relief from constipation', 'Decreases inflammation']",170,,https://m.media-amazon.com/images/I/61m-xg+-qRL._SL1500_.jpg,"[""https://m.media-amazon.com/images/I/61m-xg+-qRL._SL1500_.jpg"", ""https://m.media-amazon.com/images/I/71LZIvlr4SL._SL1500_.jpg"", ""https://m.media-amazon.com/images/I/71nK13H12xL._SL1500_.jpg"", ""https://m.media-amazon.com/images/I/81hDykXUa9L._SL1500_.jpg""]","{""Manufacturer"": ""Himalaya, The Himalaya Drug Company, Makali, Bengalure, 562162; 1-800-208-1930"", ""Country of Origin"": ""India"", ""Item model number"": ""7000325"", ""Product Dimensions"": ""6.1 x 4.8 x 9.2 cm; 140 g"", ""ASIN"": ""B07D3ZN77Z"", ""Packer"": ""The Himalaya Drug Company, Makali, Bengalure, 562162; 1-800-208-1930"", ""Importer"": ""Himalaya Wellness Company, Makali, Bangalore - 562162, Karnataka, India"", ""Item Weight"": ""140 g"", ""Item Dimensions LxWxH"": ""6.1 x 4.8 x 9.2 Centimeters"", ""Net Quantity"": ""60 count"", ""Included Components"": ""60 tablets"", ""Generic Name"": ""Tablets"", ""Best Sellers Rank"": ""#1,741 in Health & Personal Care (See Top 100 in Health & Personal Care)   #16 in Chyawanprash""}"
B0868XBJN7,1374499031,Dabur Tulsi Drops : 30ml (20ml + 10ml Free) | Contains Extracts of 5 Rare Tulsi | Boosts Immunity | Cough And Cold Relief | 100% Ayurvedic | Builds Respiratory Health,"['It provides relief from cough and cold. Prescription Required: No. Food Preference: Vegetarian', 'It helps boost immunity', 'Dabur Tulsi drops is made from the goodness of five rare tusli which has antioxidant properties', 'It has antimicrobial properties and is good for skin, liver and joint health', 'Usage Direction : 5-10 drops, (2-3 times a day ) or as directed by physician']",146,,https://m.media-amazon.com/images/I/711BtjiDpxL._SL1500_.jpg,"[""https://m.media-amazon.com/images/I/711BtjiDpxL._SL1500_.jpg"", ""https://m.media-amazon.com/images/I/71GvMVClAlL._SL1500_.jpg"", ""https://m.media-amazon.com/images/I/71DwvgKg3cL._SL1500_.jpg"", ""https://m.media-amazon.com/images/I/71-+xmGO8KL._SL1500_.jpg"", ""https://m.media-amazon.com/images/I/714cmtRwejL._SL1500_.jpg"", ""https://m.media-amazon.com/images/I/71UljaM-maL._SL1500_.jpg""]","{""Manufacturer"": ""Dabur India Ltd, Sanskar Ayush Pvt Ltd , Khasra No.673 , Imlikhera Bhagwanpur , By Pass N.H , Roorkee -247667 , Haridwar , uttarakhand Toll Free No:1800-103-1644"", ""Country of Origin"": ""India"", ""Item model number"": ""FA923030T"", ""Product Dimensions"": ""5 x 1.4 x 10.8 cm; 50 g"", ""ASIN"": ""B0868XBJN7"", ""Packer"": ""Sanskar Ayush Pvt Ltd , Khasra No.673 , Imlikhera Bhagwanpur , By Pass N.H , Roorkee -247667 , Haridwar , uttarakhand Toll Free No:1800-103-1644"", ""Importer"": ""Dabur India"", ""Item Weight"": ""50 g"", ""Item Dimensions LxWxH"": ""50 x 14 x 108 Millimeters"", ""Net Quantity"": ""30.0 millilitre"", ""Included Components"": ""Tulsi Drops"", ""Generic Name"": ""Tulsi Drops"", ""Best Sellers Rank"": ""#636 in Health & Personal Care (See Top 100 in Health & Personal Care)   #2 in Cough & Cold""}"
B08D3V6GJS,27060758031,Dabur Ashwagandha Tablets - 60 tabs | General Wellness Tablets | Stress Relief | Rich in Antioxidants | Immunity Booster | Rich in Antioxidants | Rejuvenates Body,"['Boosts Immunity: Ashwagandha is known to significantly increase WBCs in the body thereby boosting the strength of the immune system to fight infections.', 'Stress: Ashwagandha helps to reduce serum cortisol levels, which is the main stress hormone in the body, thereby helping to relieve stress.; Anti-Fatigue: Ashwagandha helps to combat fatigue and in boosting energy levels', 'Anti-oxidant properties: ashwagandha is known to have anti-oxidant properties which helps protect against daily wear & tear and helps keep cells healthy over the period of time.', 'Cognitive Functions/Brain Health: Ashwagandha is also known to help enhance cognitive functions.', 'Material Features: Vegetarian; Container Type: Bottle;']",169,,https://m.media-amazon.com/images/I/71HmLo+HqpL._SL1500_.jpg,"[""https://m.media-amazon.com/images/I/71HmLo+HqpL._SL1500_.jpg"", ""https://m.media-amazon.com/images/I/71T4+2zzg7L._SL1500_.jpg"", ""https://m.media-amazon.com/images/I/71vFq7uVL-L._SL1500_.jpg"", ""https://m.media-amazon.com/images/I/81abDswFqmL._SL1500_.jpg"", ""https://m.media-amazon.com/images/I/71FQL+zd1cL._SL1500_.jpg"", ""https://m.media-amazon.com/images/I/81+FEGEb28L._SL1500_.jpg"", ""https://m.media-amazon.com/images/I/81aM5WvME2L._SL1500_.jpg""]","{""Manufacturer"": ""Dabur India Ltd, Dabur India Ltd"", ""Country of Origin"": ""India"", ""Item model number"": ""FR36106002"", ""Product Dimensions"": ""212.6 x 59.1 x 374 cm; 140 g"", ""ASIN"": ""B08D3V6GJS"", ""Packer"": ""Dabur India Ltd"", ""Item Weight"": ""140 g"", ""Item Dimensions LxWxH"": ""2.13 x 0.59 x 3.74 Meters"", ""Net Quantity"": ""60 count"", ""Included Components"": ""1"", ""Generic Name"": ""Ashwagandha Tablet"", ""Best Sellers Rank"": ""#1,015 in Health & Personal Care (See Top 100 in Health & Personal Care)   #6 in Ashwagandha""}"
B005LF4S16,11364705031,Himalaya Liv.52 Tablets - 100 Counts,"['Country of Origin: India', 'Indications: - Protects the liver against various hepatotaxins, corrects liver dysfunction and damage, promotes appetite and growth', 'Manufactured by : The Himalaya Drug Company', 'Dosage: For Adults use 2-3 tablets , 3-4 times a day and For children use 1-2 tablets 3-4 times a day']",150,,https://m.media-amazon.com/images/I/61Ae9LI-PPL._SL1500_.jpg,"[""https://m.media-amazon.com/images/I/61Ae9LI-PPL._SL1500_.jpg"", ""https://m.media-amazon.com/images/I/61w3K9BTZpL._SL1500_.jpg"", ""https://m.media-amazon.com/images/I/71F1GRcl2qL._SL1500_.jpg"", ""https://m.media-amazon.com/images/I/81Xvvf7w9HL._SL1500_.jpg""]","{""Manufacturer"": ""Himalaya Wellness Company, Himalaya Wellness Company, Makali, Bangalore - 562162, Karnataka, India"", ""Country of Origin"": ""India"", ""Item model number"": ""7000263"", ""Product Dimensions"": ""6.5 x 4.8 x 9.2 cm; 230 g"", ""ASIN"": ""B005LF4S16"", ""Packer"": ""Himalaya Wellness Company, Makali, Bangalore - 562162, Karnataka, India"", ""Importer"": ""Himalaya Wellness Company, Makali, Bangalore - 562162, Karnataka, India"", ""Item Weight"": ""230 g"", ""Item Dimensions LxWxH"": ""6.5 x 4.8 x 9.2 Centimeters"", ""Net Quantity"": ""100 count"", ""Included Components"": ""100 tablets"", ""Generic Name"": ""Tablets"", ""Best Sellers Rank"": ""#1,194 in Health & Personal Care (See Top 100 in Health & Personal Care)   #57 in Herbal Supplements""}"
B08KS3G1FQ,9530422031,Himalaya Wellness | Pilex Forte Ointment | Piles Treatment | Trusted Piles Treatment|30g,"['Controls bleeding', 'Comes with a special applicator', 'Reduces pain', 'Controls irritation and itching']",97,,https://m.media-amazon.com/images/I/513cCX5AfWL._SL1124_.jpg,"[""https://m.media-amazon.com/images/I/513cCX5AfWL._SL1124_.jpg"", ""https://m.media-amazon.com/images/I/513cCX5AfWL._SL1124_.jpg"", ""https://m.media-amazon.com/images/I/513cCX5AfWL._SL1124_.jpg""]","{""Manufacturer"": ""The Himalaya Drug Company, Himalaya Wellness Company, Makali, Bangalore - 562162, Karnataka, India"", ""Country of Origin"": ""India"", ""Item model number"": ""7004386"", ""Product Dimensions"": ""5 x 5 x 5 cm; 30 g"", ""ASIN"": ""B08KS3G1FQ"", ""Packer"": ""Himalaya Wellness Company, Makali, Bangalore - 562162, Karnataka, India"", ""Importer"": ""Himalaya Wellness Company, Makali, Bangalore - 562162, Karnataka, India"", ""Item Weight"": ""30 g"", ""Item Dimensions LxWxH"": ""50 x 50 x 50 Millimeters"", ""Net Quantity"": ""30.0 gram"", ""Generic Name"": ""OINTMENT"", ""Best Sellers Rank"": ""#2,610 in Health & Personal Care (See Top 100 in Health & Personal Care)   #19 in Digestion & Nausea   #102 in Face Creams""}"
B0748HQW6C,11364693031,"WOW Omega-3 Fish Oil 1000 mg Triple Strength 550mg EPA 350mg DHA, Burpless, Mercury free, Ideal for Keto Diet","['60 capsules per pack. Premium, bio-available omega 3 essential fatty acids in the most optimal health friendly 3:2 EPA:DHA ratio,Get 3-4 times more of the important Omega-3s compared to many other brands. Omega 3 is considered one of the most important supplements', 'Every capsule contains 350 mg docosahexaenoic acid (DHA), 550 mg eicosapentaenoic acid (EPA) and 100 mg other omega 3s for maximized health benefits,ADVANCED DELIVERY SYSTEM FOR BETTER ABSORPTION & TO AVOID FISHY AFTERTASTE: Our omega 3 fish oil pills have an enteric coating to help increase your absorption of the essential fatty acids and avoid fishy aftertaste. Enjoy Health Benefits Without Fish Burps!', 'Regular intake may help boost heart health, reduce blood triglycerides levels, lessen joint stiffness and minimize inflammation.', 'Softgel capsules (made of gelatine, glycerine & water). Totally free of binders, fillers or additives.', ""ULTRA-PURE, REFINED FISH OIL: Our fish oil is purified with molecular distillation - one of the few current methods that can purify from heavy metals, PCB's and other toxins to below detectable limits for human consumption. Fast method. Minimal temperature.""]",737,,https://m.media-amazon.com/images/I/71zB25yO0hL._SL1500_.jpg,"[""https://m.media-amazon.com/images/I/71zB25yO0hL._SL1500_.jpg"", ""https://m.media-amazon.com/images/I/616xZPrdxDL._SL1080_.jpg"", ""https://m.media-amazon.com/images/I/61-j2S7ISLL._SL1081_.jpg"", ""https://m.media-amazon.com/images/I/61BViVAb4cL._SL1081_.jpg"", ""https://m.media-amazon.com/images/I/61Q3giuDzEL._SL1080_.jpg"", ""https://m.media-amazon.com/images/I/61uPWvgIK4L._SL1081_.jpg"", ""https://m.media-amazon.com/images/I/61KaiRIIWBL._SL1081_.jpg"", ""https://m.media-amazon.com/images/I/51hVg9YlYoL.jpg""]","{""Manufacturer"": ""Amster Labs, Amster Labs"", ""Country of Origin"": ""India"", ""Item model number"": ""WOW_OMEGA3_1"", ""Product Dimensions"": ""7.5 x 6.5 x 12.5 cm; 250 g"", ""ASIN"": ""B0748HQW6C"", ""Packer"": ""Amster Labs"", ""Item Weight"": ""250 g"", ""Item Dimensions LxWxH"": ""7.5 x 6.5 x 12.5 Centimeters"", ""Net Quantity"": ""60.0 count"", ""Included Components"": ""1 Bottle Capsules"", ""Generic Name"": ""Omega 3"", ""Best Sellers Rank"": ""#137 in Health & Personal Care (See Top 100 in Health & Personal Care)   #1 in Omega-3""}"
B095J4TPC6,27347564031,INKULTURE Pill Medicine Organizer Reminder Storage Box 28 Days or 4 Weeks| Plastic | Pack of 1,"[""ORGANIZE YOUR VITAMINS & PILLS FOR 28 DAYS: Imagine how much time you would save if you only needed to organize you medications in your pill box organizer once per 28 days... THEN you'll love how the INKULTURE easy to use monthly pill box."", ""EASY TO READ BOLD LETTERS: You'll love the bold easy to read daily & weekly lettering on the INKULTURE Half monthly pill organizer holder allowing you to easily find and allocate your medications for an entire month. When it comes to your medication organizer we want to make sure you avoid mixing up medication when taking your pills of the day."", 'ONE COMPARTMENT PER DAY: With this large pill organizer, each of the weekly pill organizers have separate divider compartments so you can fit more medication or vitamins. Theres plenty of room for all of your larger size pills so you know that they all fit nicely into each pill case even room left over.', 'PERFECT FOR TRAVEL: You will be able to just pop this vitamin organizer in your purse, suitcase, briefcase or travel bag and never forget your pills again. Each individual lid locks securely tight so you will not be worried of the contents falling out or getting lost.', 'BPA FREE. STRONG AND DURABLE: Airtight Seal and securely locks so pills will not spill out. Our pill reminder is made of rugged and durable translucent plastic. It won’t break easily even if mishandled. This pill holder is the perfect size and weight for everyone and is guaranteed to last you a lifetime.']",195,,https://m.media-amazon.com/images/I/61gb4ZdYhHS._SL1370_.jpg,"[""https://m.media-amazon.com/images/I/61gb4ZdYhHS._SL1370_.jpg"", ""https://m.media-amazon.com/images/I/61ByMJu6pRS._SL1475_.jpg"", ""https://m.media-amazon.com/images/I/61a5IpgaQYS._SL1500_.jpg"", ""https://m.media-amazon.com/images/I/71BzdcRVXwS._SL1500_.jpg"", ""https://m.media-amazon.com/images/I/7183zLEJVrS._SL1500_.jpg"", ""https://m.media-amazon.com/images/I/71zD3kFPV3S._SL1500_.jpg"", ""https://m.media-amazon.com/images/I/61jchotS9pS._SL1500_.jpg"", ""https://m.media-amazon.com/images/I/71wmjOBigjS._SL1500_.jpg""]","{""Manufacturer"": ""INKULTURE, INKULTURE"", ""Country of Origin"": ""India"", ""Item model number"": ""28 Days"", ""Product Dimensions"": ""28 x 8 x 2 cm; 120 g"", ""ASIN"": ""B095J4TPC6"", ""Item Weight"": ""120 g"", ""Item Dimensions LxWxH"": ""28 x 8 x 2 Centimeters"", ""Net Quantity"": ""1.00 count"", ""Included Components"": ""01 Pcs Pill Reminder Box""}"
B0CSC1PW4T,4264025031,Boozliv Liver Detox Syrup Supplement For Men And Women Natural And Healthy Fatty Liver Ayurvedic Medicine Herbs Extract Alcohol Deaddiction Tonic Packet Support Digestion-600 Ml(60 X 10Ml Syrup ),"[""Fatty Liver Resolution: Experience a groundbreaking solution for non-alcoholic fatty liver. Boozliv's human trials confirm its ability to effectively combat fatty liver, offering you reliable support in managing and reversing this common condition."", ""Liver Cleanse and Detox: Think of Boozliv as your body's reset button. It's a potent liver detoxifier and tonic, working in harmony to eliminate toxins. The blend of natural ingredients cleanses and rejuvenates the liver, supporting optimal function and contributing to the body's overall detox processes."", ""Alcohol Detoxification: Boozliv can be your vital companion. Its specialized formula supports liver detox and aids recovery from alcohol's damaging effects."", ""Improves Appetite and Easy Digestion: Boozliv's natural ingredients with hepatoprotective properties aid efficient nutrient digestion, potentially easing indigestion symptoms and promoting digestive well-being. Say goodbye to discomfort and hello to improved appetite."", ""Regain Liver Health: Ideal for those with Fatty Liver, Liver Cirrhosis, or an unhealthy lifestyle. Boozliv aims to slow down cirrhosis progression, offering a lifeline for those in the early stages. It's about improving overall liver health and enhancing your quality of life."", ""Tailored for Your Needs: Whether you're dealing with Fatty Liver, Liver Cirrhosis, Indigestion, or on the path to alcohol addiction recovery, Boozliv is tailored for you. Take control of your liver health and embrace a vibrant life.""]",2231,,https://m.media-amazon.com/images/I/51+1vXuVjvL._SL1000_.jpg,"[""https://m.media-amazon.com/images/I/51+1vXuVjvL._SL1000_.jpg"", ""https://m.media-amazon.com/images/I/5132NHs6HRL._SL1004_.jpg"", ""https://m.media-amazon.com/images/I/71UDWE2Gr4L._SL1350_.jpg"", ""https://m.media-amazon.com/images/I/71AbaCI9XpL._SL1350_.jpg"", ""https://m.media-amazon.com/images/I/71iQ-UoufCL._SL1350_.jpg"", ""https://m.media-amazon.com/images/I/71b0VR9SsNL._SL1350_.jpg""]","{""Manufacturer"": ""Vopec Pharmaceuticals (P) Ltd., +91 9940388877"", ""Country of Origin"": ""India"", ""Item part number"": ""VP-00013"", ""Product Dimensions"": ""18.5 x 16.5 x 6 cm; 880 g"", ""ASIN"": ""B0CSC1PW4T"", ""Packer"": ""No 251, 1st Floor, Tiny Sector, 251, New Tiny Sector, Ambattur Industrial Estate, Chennai, Tamil Nadu 600058"", ""Item Weight"": ""880 g"", ""Item Dimensions LxWxH"": ""18.5 x 16.5 x 6 Centimeters"", ""Net Quantity"": ""600.0 millilitre"", ""Best Sellers Rank"": ""#8,172 in Health & Personal Care (See Top 100 in Health & Personal Care)   #426 in Chyawanprash""}"
B0CFHBDDND,4264025031,"KRISHNA'S HERBAL & AYURVEDA Uric Balance Juice 1000 Ml | Balancing Uric Acid Naturally | Power Of Kutki, Adusa, Arand Mool & 6 More Herbs","['Uric Balance juice is a powerful blend of natural ingredients that helps to maintain healthy uric acid levels in the body.', 'It has anti-inflammatory and detoxifying effects.', 'Provide relief in piercing feeling, inflammation and pain in joints.', 'The juice is packed with antioxidants, vitamins, and minerals that help your body maintain internal balance.', 'No added sugar | GMP Certified']",445,,https://m.media-amazon.com/images/I/81rNS17s+-L._SL1500_.jpg,"[""https://m.media-amazon.com/images/I/81rNS17s+-L._SL1500_.jpg"", ""https://m.media-amazon.com/images/I/71XJYfCR2PL._SL1500_.jpg"", ""https://m.media-amazon.com/images/I/71ZkE+6dtCL._SL1500_.jpg"", ""https://m.media-amazon.com/images/I/71GZVgSDfwL._SL1500_.jpg"", ""https://m.media-amazon.com/images/I/71ctOWxoWxL._SL1500_.jpg"", ""https://m.media-amazon.com/images/I/71tfBAlA6gL._SL1500_.jpg"", ""https://m.media-amazon.com/images/I/71k0Gc+7aAL._SL1500_.jpg""]","{""Manufacturer"": ""Rajputana Agrico Plot no. 1, Heavy Industrial Area, Near, Jodhpur, Rajasthan 342003"", ""Country of Origin"": ""India"", ""Item part number"": ""8906037153233"", ""Product Dimensions"": ""24 x 10 x 10 cm; 1.14 kg"", ""ASIN"": ""B0CFHBDDND"", ""Item Weight"": ""1 kg 140 g"", ""Item Dimensions LxWxH"": ""24 x 10 x 10 Centimeters"", ""Net Quantity"": ""1000.0 millilitre"", ""Best Sellers Rank"": ""#1,707 in Health & Personal Care (See Top 100 in Health & Personal Care)   #15 in Chyawanprash""}"
B083VFD75Z,18049712031,Nise 100mg - Strip of 15 Tablets,"['Composition: Nimesulide BP 100 mg', 'This product will have minimum 3 months expiry at the time of order dispatch.', 'Dosage: As directed by Doctor', 'Storage Instuctions: Store in a cool place, protected from light & moisture', ""Manufactured/Marketed by: Dr. Reddy's Laboratories Ltd"", 'SCHEDULE H PRESCRIPTION DRUG - CAUTION: Not to be sold by retail without the prescription of a Registered Medical Practitioner', 'Keep out of reach of children']",110.93,,https://m.media-amazon.com/images/I/716kMhLuAYL._SL1200_.jpg,"[""https://m.media-amazon.com/images/I/716kMhLuAYL._SL1200_.jpg"", ""https://m.media-amazon.com/images/I/61hPUfWoSML._SL1200_.jpg"", ""https://m.media-amazon.com/images/I/51Q6zS+Kl9L._SL1200_.jpg"", ""https://m.media-amazon.com/images/I/61e0uAksJVL._SL1200_.jpg""]","{""Manufacturer"": ""Dr. Reddy's Laboratories"", ""Country of Origin"": ""India"", ""Item model number"": ""300026547"", ""Product Dimensions"": ""10 x 7 x 2 cm; 15 g"", ""ASIN"": ""B083VFD75Z"", ""Packer"": ""Dr. Reddy's Laboratories"", ""Item Weight"": ""15 g"", ""Item Dimensions LxWxH"": ""10 x 7 x 2 Centimeters"", ""Net Quantity"": ""15.00 Count"", ""Included Components"": ""Tablets"", ""Generic Name"": ""Tablets""}"
B009YQB4ZG,4264025031,"Kerala Ayurveda Histantin Tablet | Anti-Allergic Ayurvedic Tablet| Non-Drowsy Formula| For Seasonal, Dietary, and Respiratory Allergies| With Amla, Turmeric, and Guduchi| 100 Tablets","['Quantity: 100 Tablets; Item Form: Pills/Tablets/Gulika |', 'Quick relief from allergic symptoms - Get the relief you need with Kerala Ayurveda Histantin Tablet, a natural solution with a blend of herbal ingredients like Indian Gooseberry, Turmeric, Giloy, and Bamboo Silica. This unique formula controls the release of histamines and provides fast relief from common allergy symptoms such as running noses, watery eyes, itchy skin, and hives.', 'Non-drowsy anti-allergic formula- Kerala Ayurveda Histantin Tablet is specifically formulated to provide effective relief without leaving you feeling drowsy. Experience the power of Ayurveda in a non-drowsy formula that will keep you alert and feeling your best.', ""Long-term benefits from allergy flare-ups - Take control of your allergies with Kerala Ayurveda Histantin Tablets. Our unique formula supports your body's natural defenses against allergy flare-ups, providing quick relief and long-term benefits."", 'Single solution for all your allergies - Kerala Ayurveda Histantin Tablet is the perfect solution for allergies, providing complete relief against all types of allergies, including respiratory, dietary, and seasonal. Experience the power of nature in one convenient tablet.', 'Original Ayurveda | 100% Herbal and Natural | No added Fragrance or Colour | Chemical & Paraben Free | No Mineral Oil or Petroleum by-products used', 'Usage: Adults - 2 tablets twice or thrice daily after food or as directed by the physician. For long-term benefits, use consistently for at least four weeks.', 'Note: In case of severe allergic reactions like difficulty in breathing, vomiting, or diarrhea, please get in touch with your physician.', 'Target Audience: All Adults. Original Ayurveda | 100% Herbal and Natural | No added Fragrance or Colour | Chemical & Paraben Free | No Mineral Oil or Petroleum by-products used']",500,,https://m.media-amazon.com/images/I/51N0yMGOOtL._SL1500_.jpg,"[""https://m.media-amazon.com/images/I/51N0yMGOOtL._SL1500_.jpg"", ""https://m.media-amazon.com/images/I/61WsWgL9ycL._SL1500_.jpg"", ""https://m.media-amazon.com/images/I/61gQn3U17bL._SL1500_.jpg"", ""https://m.media-amazon.com/images/I/71UYvRToOUL._SL1500_.jpg"", ""https://m.media-amazon.com/images/I/61ZuwxgAGiL._SL1500_.jpg"", ""https://m.media-amazon.com/images/I/610w5q3w+6L._SL1500_.jpg"", ""https://m.media-amazon.com/images/I/61xlfy0xZoL._SL1500_.jpg""]","{""Manufacturer"": ""Kerala Ayurveda Ltd, Kerala Ayurveda Limited - Athani Post, Aluva, Ernakulam District, Kerala \u2013 683585. Contact No : +91-484-2476301"", ""Country of Origin"": ""India"", ""Item model number"": ""F2TAA0512"", ""Product Dimensions"": ""10 x 6 x 11 cm; 48 g"", ""ASIN"": ""B009YQB4ZG"", ""Packer"": ""Kerala Ayurveda Limited - Athani Post, Aluva, Ernakulam District, Kerala \u2013 683585. Contact No : +91-484-2476301"", ""Item Weight"": ""48 g"", ""Item Dimensions LxWxH"": ""10 x 6 x 11 Centimeters"", ""Net Quantity"": ""100 count"", ""Included Components"": ""Kerala Ayurveda Histantin Tablet - 100 Tablets"", ""Generic Name"": ""Tablet"", ""Best Sellers Rank"": ""#5,840 in Health & Personal Care (See Top 100 in Health & Personal Care)   #223 in Chyawanprash""}"
B003WR2T5W,27060762031,Himalaya Wellness Pure Herbs Brahmi Mind Wellness |Improves Alertness | Pack Of 60 Tablet,"['Brahmi helps calm the mind, promote clarity of thought, and memory consolidation.', 'Brahmi is used as a memory -enhancing agent from centuries.', 'Brahmi promotes mental health and cognitive skills.', 'Brahmi calms and relaxes mind.']",184,,https://m.media-amazon.com/images/I/61BerNOxseL._SL1500_.jpg,"[""https://m.media-amazon.com/images/I/61BerNOxseL._SL1500_.jpg"", ""https://m.media-amazon.com/images/I/71vJ+H5EdVL._SL1500_.jpg"", ""https://m.media-amazon.com/images/I/716HAF6GKLL._SL1500_.jpg"", ""https://m.media-amazon.com/images/I/710eV+qQ4xL._SL1500_.jpg"", ""https://m.media-amazon.com/images/I/71lZxxs0kGL._SL1500_.jpg""]","{""Manufacturer"": ""Himalaya, The Himalaya Drug Company, Makali, Bengalure, 562162; 1-800-208-1930"", ""Country of Origin"": ""India"", ""Item model number"": ""8901138501679"", ""Product Dimensions"": ""8.38 x 5.59 x 4.06 cm; 46 g"", ""ASIN"": ""B003WR2T5W"", ""Packer"": ""The Himalaya Drug Company, Makali, Bengalure, 562162; 1-800-208-1930"", ""Item Weight"": ""46 g"", ""Item Dimensions LxWxH"": ""8.4 x 5.6 x 4.1 Centimeters"", ""Net Quantity"": ""60 count"", ""Included Components"": ""60 tablets 60NOS"", ""Generic Name"": ""BRAHMI"", ""Best Sellers Rank"": ""#852 in Health & Personal Care (See Top 100 in Health & Personal Care)   #1 in Brahmi""}"
B09T9GHJ5L,27347564031,"COZY nose - Pill Medicine Organizer Storage Box with 8 Compartments - Moisture Proof, Made of Food Grade Cereal Fiber, BPA free Wheat Straw Material, Ideal for Travel, Pocket, Purse, Daily Pill Case, Portable Medicine Vitamin Holder Container - 1 Pc (White)","['HIGH QUALITY MATERIAL: Every pill case is made from high quality cereal fiber and food grade pp material, BPA free, very sturdy and has better stability, more suitable for storing pills.', 'MOISTURE PROOF & PROTECT PILLS: With the thickened silicone ring surrounded, can keeps your travel pill case closed tightly and prevent your pill from moisture and dust, so you can take fresh pills every day and say goodbye to damp pills.', 'DOUBLE LOCK & REMOVABLE LIDS: Removable lids design is convenient for you to clean the pill case and refill the pills. Each compartment with inner lids and outer lock, effectively keeps the pills from falling out and getting mixed. The outer lock can closed tightly, no worry that the case will open in your purse.', '8 COMPARTMENTS: The pill organizer has 8 compartments (6+2), 6 small compartments for little pills and 2 large compartments for large vitamins and capsules.', 'PORTABLE SIZE & FOR TRAVELING: Size of this portable pill box is 4.33x3.54x1.2 inch, can be easily put in your purse, suitcase, backpack, handbag, or your coat pocket, without taking up space, very convenient for a trip!']",284,,https://m.media-amazon.com/images/I/71GQ2AqsPMS._SL1500_.jpg,"[""https://m.media-amazon.com/images/I/71GQ2AqsPMS._SL1500_.jpg"", ""https://m.media-amazon.com/images/I/61CjFsLgU2L._SL1500_.jpg"", ""https://m.media-amazon.com/images/I/71ktVEvZnsL._SL1500_.jpg"", ""https://m.media-amazon.com/images/I/712+MH49NVL._SL1500_.jpg"", ""https://m.media-amazon.com/images/I/71yL+K7g-8L._SL1500_.jpg"", ""https://m.media-amazon.com/images/I/71Yasdqjx1L._SL1500_.jpg"", ""https://m.media-amazon.com/images/I/819x54+V+QL._SL1500_.jpg"", ""https://m.media-amazon.com/images/I/41de4j9uJyL.jpg"", ""https://m.media-amazon.com/images/I/71ktVEvZnsL._SL1500_.jpg""]","{""Manufacturer"": ""TRIPLEX, herbalbrews11@gmail.com"", ""Country of Origin"": ""India"", ""Item part number"": ""CN"", ""Package Dimensions"": ""10.8 x 8.5 x 3.5 cm; 70 g"", ""ASIN"": ""B09T9GHJ5L"", ""Packer"": ""herbalbrews11@gmail.com"", ""Item Weight"": ""70 g"", ""Net Quantity"": ""1.00 count"", ""Included Components"": ""8 Compartment Pill Box""}"
B09TBD6WV3,27060736031,"DABUR Arjuna Tablets - 60 Tabs | Promotes Heart Health | Manages Cholesterol Level | Promotes Healthy Metabolism,Pack of 1","['Promotes Heart Health: Arjuna supports healthy functioning of heart muscles .', 'It protects heart against oxidative stress induced damage, & helps maintain healthy lipid levels', 'Promotes good cholesterol: Arjuna promotes good cholesterol in the body and helps lower bad cholesterol', 'Promotes Healthy metabolism: Arjuna boosts metabolic functions of the body, which helps in improving overall quality of life, helps in providing one with more energy']",204,,https://m.media-amazon.com/images/I/71HsoGKgeXL._SL1500_.jpg,"[""https://m.media-amazon.com/images/I/71HsoGKgeXL._SL1500_.jpg"", ""https://m.media-amazon.com/images/I/71xFKnGZ0YL._SL1500_.jpg"", ""https://m.media-amazon.com/images/I/71CZP4AtlUL._SL1500_.jpg"", ""https://m.media-amazon.com/images/I/81UtAFucq3L._SL1500_.jpg"", ""https://m.media-amazon.com/images/I/81yr4SPWXuL._SL1500_.jpg"", ""https://m.media-amazon.com/images/I/81ELYS0KI0L._SL1500_.jpg""]","{""Manufacturer"": ""Dabur India Ltd., 22, Site IV, Sahibabad (U.P.)- 201010"", ""Country of Origin"": ""India"", ""Item model number"": ""FR173060"", ""Product Dimensions"": ""5.4 x 1.5 x 9.5 cm; 34 g"", ""ASIN"": ""B09TBD6WV3"", ""Packer"": ""22, Site IV, Sahibabad (U.P.)- 201010"", ""Item Weight"": ""34 g"", ""Item Dimensions LxWxH"": ""5.4 x 1.5 x 9.5 Centimeters"", ""Net Quantity"": ""60 count"", ""Generic Name"": ""Pure Herb Tablets"", ""Best Sellers Rank"": ""#3,030 in Health & Personal Care (See Top 100 in Health & Personal Care)   #6 in Arjuna""}"
B002WIOCW0,11364765031,Himalaya Herbals Triphala - 60 Capsules,"['Ensures smooth peristalsis and improves gastric emptying', 'Improves the stool frequency and consistency', 'Cleanses and tones the gastrointestinal tract', 'Improves quality of life']",180,,https://m.media-amazon.com/images/I/71ISm4vdAYL._SL1488_.jpg,"[""https://m.media-amazon.com/images/I/71ISm4vdAYL._SL1488_.jpg"", ""https://m.media-amazon.com/images/I/61vbxpGF9WL._SL1325_.jpg"", ""https://m.media-amazon.com/images/I/51CAu1EKKxL._SL1000_.jpg"", ""https://m.media-amazon.com/images/I/61TC2VQDUBL._SL1338_.jpg"", ""https://m.media-amazon.com/images/I/71uLs+SxoBL._SL1372_.jpg"", ""https://m.media-amazon.com/images/I/615LLM4w07L._SL1304_.jpg""]","{""Manufacturer"": ""Himalaya, Himalaya Wellness Company, Makali, Bangalore - 562162, Karnataka, India"", ""Country of Origin"": ""India"", ""Item model number"": ""8901138501815"", ""Product Dimensions"": ""20 x 20 x 20 cm; 27 g"", ""ASIN"": ""B002WIOCW0"", ""Packer"": ""The Himalaya Drug Company, Makali, Bengalure, 562162; 1-800-208-1930"", ""Importer"": ""Himalaya Wellness Company, Makali, Bangalore - 562162, Karnataka, India"", ""Item Weight"": ""27 g"", ""Item Dimensions LxWxH"": ""20 x 20 x 20 Centimeters"", ""Net Quantity"": ""60 count"", ""Included Components"": ""60 tablets 60NOS"", ""Generic Name"": ""TRIPHALA"", ""Best Sellers Rank"": ""#733 in Health & Personal Care (See Top 100 in Health & Personal Care)   #1 in Triphala""}"
B006FE0E1K,11364764031,Himalaya Herbals Gokshura - 60 Capsules,"['Gokshura(Tribulus Terrestris) is known to help improve stamina and vigour.', 'Supports healthy testosterone levels and helps boost performance', 'Helps improve desire and drive, which subsequently improves performance.', 'Helps increasing strength and stamina as it helps overcome fatigue during workout', 'Herbal Extract : Made with Authentic 250Gm of pure Gokshura fruit extract.']",212,,https://m.media-amazon.com/images/I/616jBNbzrPL._SL1200_.jpg,"[""https://m.media-amazon.com/images/I/616jBNbzrPL._SL1200_.jpg"", ""https://m.media-amazon.com/images/I/81Z7ZtamxeL._SL1500_.jpg"", ""https://m.media-amazon.com/images/I/71MVHaetA2L._SL1500_.jpg"", ""https://m.media-amazon.com/images/I/71KUI4OsOJL._SL1200_.jpg"", ""https://m.media-amazon.com/images/I/61J-UbKDZuL._SL1200_.jpg""]","{""Manufacturer"": ""Himalaya Wellness Company, Himalaya Wellness Company, Makali, Bangalore - 562162, Karnataka, India"", ""Country of Origin"": ""India"", ""Item model number"": ""1030"", ""Product Dimensions"": ""4 x 4 x 5 cm; 50 g"", ""ASIN"": ""B006FE0E1K"", ""Packer"": ""Himalaya Wellness Company, Makali, Bangalore - 562162, Karnataka, India"", ""Importer"": ""Himalaya Wellness Company, Makali, Bangalore - 562162, Karnataka, India"", ""Item Weight"": ""50 g"", ""Item Dimensions LxWxH"": ""40 x 40 x 50 Millimeters"", ""Net Quantity"": ""60 count"", ""Included Components"": ""60 tablets 60NOS"", ""Generic Name"": ""Tablet"", ""Best Sellers Rank"": ""#488 in Health & Personal Care (See Top 100 in Health & Personal Care)   #1 in Gokshura""}"
B098LX956V,27347564031,JimXen Pill Box 7 Day Weekly Medicine Organizer Daily Planner Portable Travel Container Holder for Vitamin and Supplement Moisture-Proof Compartments Case for Pocket Purse Easy to Use BPA Free,"['Organized each day is marked so you can organize your pills by time with bold labels and colors. You can easily keep track of your medications vitamins supplements and other pills.', 'Strong the newly designed Organizer is stronger than ever they are sure to stay tightly closed to keep your pills safe.', 'Easy Travel No more carrying around multiple bottles or bulky cases this slim design is perfect for taking anywhere.', 'Safe to Use It’s made of 100% food grade BPA-free materials while outer container is made of ABS plastic Safe to keep your daily medication']",289,,https://m.media-amazon.com/images/I/81A7sJcxBgL._SL1500_.jpg,"[""https://m.media-amazon.com/images/I/81A7sJcxBgL._SL1500_.jpg"", ""https://m.media-amazon.com/images/I/81u2ZAjbgcL._SL1500_.jpg"", ""https://m.media-amazon.com/images/I/8112JXVoR0L._SL1500_.jpg"", ""https://m.media-amazon.com/images/I/71rwxa9qptL._SL1500_.jpg"", ""https://m.media-amazon.com/images/I/81+xKvALEsL._SL1500_.jpg"", ""https://m.media-amazon.com/images/I/717FsoJjUAL._SL1500_.jpg""]","{""Manufacturer"": ""Jimxen, 8595363642"", ""Country of Origin"": ""India"", ""Item model number"": ""P 4"", ""Product Dimensions"": ""12 x 10 x 5 cm; 150 g"", ""ASIN"": ""B098LX956V"", ""Packer"": ""jimxen"", ""Item Weight"": ""150 g"", ""Item Dimensions LxWxH"": ""12 x 10 x 5 Centimeters"", ""Net Quantity"": ""1.00 count""}"
B07523KH86,27060739031,Himalaya Punarnava Tablets - 60 Count,['Manufactured by : The Himalaya Drug Company'],221,,https://m.media-amazon.com/images/I/61vk9IhQcJL._SL1001_.jpg,"[""https://m.media-amazon.com/images/I/61vk9IhQcJL._SL1001_.jpg"", ""https://m.media-amazon.com/images/I/51m+GR9u6NL._SL1001_.jpg"", ""https://m.media-amazon.com/images/I/51DlubJjcDL._SL1001_.jpg"", ""https://m.media-amazon.com/images/I/616xiBXSFoL._SL1001_.jpg"", ""https://m.media-amazon.com/images/I/61yPzkxhk+L._SL1001_.jpg""]","{""Manufacturer"": ""Himalaya Wellness Company, Himalaya Wellness Company, Makali, Bangalore - 562162, Karnataka, India"", ""Country of Origin"": ""India"", ""Item model number"": ""7002674"", ""Product Dimensions"": ""6.1 x 4.8 x 9.2 cm; 120 g"", ""ASIN"": ""B07523KH86"", ""Packer"": ""Himalaya Wellness Company, Makali, Bangalore - 562162, Karnataka, India"", ""Importer"": ""Himalaya Wellness Company, Makali, Bangalore - 562162, Karnataka, India"", ""Item Weight"": ""120 g"", ""Item Dimensions LxWxH"": ""6.1 x 4.8 x 9.2 Centimeters"", ""Net Quantity"": ""60 count"", ""Included Components"": ""60 tablets"", ""Generic Name"": ""Tablets"", ""Best Sellers Rank"": ""#1,639 in Health & Personal Care (See Top 100 in Health & Personal Care)   #1 in Punarnava""}"
B01L6ZD59K,11364757031,Baidyanath Isabgol - Psyllium Husk Powder - 200gm | Effectively Relieves Constipation | Fibre Supplement For Digestion,"['HELPS REGULARISE BOWEL MOVEMENTS: Isabgol is considered as an age old remedy for healthy bowel movements. Baidyanath Isabgol helps relieve constipation and digestive distress. It helps flush toxins from the digestive tract which indirectly helps in improved digestion and weight loss. Isabgol is known as Plantago Ovata seeds which undergo milling, thorough sieving and winnowing to produce this herbal product. Regular intake of Baidyanath Isabgol may help strengthen your digestive system', ""ACTS AS A DIGESTIVE: Due to its laxative properties, Baidyanath Isabgol helps ease bowel movements and helps relieve bloating which is a common problem where your stomach swells up forming gas which doesn't allow the digestive enzymes to work properly. Isabgol is known to strengthen the rectal muscles, relieve flatulence and give your stomach a much-needed cleanse. Isabgol is a great source of fibre which is absolutely gluten-free"", 'HELPS WITH WEIGHT MANAGEMENT: Regular consumption of Isabgol may aid the secretion of cholecystokinin, a hormone that immediately pokes the brain to signal a feeling of fullness in your stomach. This process keeps you satiated and helps control mid-meal cravings. It is also known to help release excess urea of the body and combat acidity and acid reflux. Baidyanath Isabgol is safe for consumption for all adults', 'QUALITY ASSURANCE AND CERTIFICATION: With all the goodness of nature, Baidyanath Isabgol is a GMP certified product which is absolutely safe and effective for all age-groups. Psyllium Husk is a naturally healthy solution to combat digestive distress. Consume 5-10 gm of Baidyanath Isabgol along with water, milk, fruit juice, curd, lassi or any healthy beverage of your choice', '100-YEAR LEGACY WITH UNCOMPROMISED QUALITY: Isabgol is a natural vegetable product derived from Plantago Ovata seeds thus, making it vegan and is also gluten free. We pour our 100 years of knowledge and skill in making our products. Container type: Packet. Allergen information: allergen_free']",320,,https://m.media-amazon.com/images/I/61rVIt0h5kL._SL1500_.jpg,"[""https://m.media-amazon.com/images/I/61rVIt0h5kL._SL1500_.jpg"", ""https://m.media-amazon.com/images/I/71osI7f7LOL._SL1500_.jpg"", ""https://m.media-amazon.com/images/I/71SQFS-pmyL._SL1500_.jpg"", ""https://m.media-amazon.com/images/I/710GFgmSsgL._SL1500_.jpg"", ""https://m.media-amazon.com/images/I/71jw5+zooqL._SL1500_.jpg""]","{""Manufacturer"": ""Baidyanath"", ""Country of Origin"": ""India"", ""Item model number"": ""Baid042"", ""Product Dimensions"": ""17.5 x 10.1 x 5.8 cm; 200 g"", ""ASIN"": ""B01L6ZD59K"", ""Item Weight"": ""200 g"", ""Item Dimensions LxWxH"": ""17.5 x 10.1 x 5.8 Centimeters"", ""Net Quantity"": ""200.0 gram"", ""Best Sellers Rank"": ""#307 in Health & Personal Care (See Top 100 in Health & Personal Care)   #1 in Isabgol""}"
B0D1MQWRY8,27347564031,INSIME Pill organizer box for medicine 7 days 3 times | Tablet organizer box for medicine | Weekly medicine organizer pill box for travel & home | Medicine pills organiser & storage box (Large size),"['[STYLISH & LARGE PILL CONTAINER]: The daily medicine organizer box for home & travel has a large space, allowing you to plan & fill weekly pills in advance. Each large pill organizer can easily accommodate atleast 20 tabets.', '[TRACK YOUR MEDICATION] : Pill container (morning, noon and night) sort your pills 3 times a day; with 7 independant movable tablet box for medicine. With separate pill holder, it can be taken out separately every day for your on the go use. Ideal pill box for medicine for 7 days weekly use.', '[RELIABLE QUALITY - BPA FREE]: This premium pill containers is equipped with high-quality solid-state ABS external holders and high-quality food-grade PP weekly medicine box. Made of BPA-free food-grade materials to ensure your pills are safe to eat.', '[SAY NO TO DUMPAGE]: Tablet box for medicine 7 day 3 times, and the smooth surface won’t have residues, thus your pills won’t get mixed with previous residues, and also it is easy to clean. The double protection design makes the lids of the pill box always closed.', ""[100% QUALITY SATISFACTION ] : We are confident in the quality of our medicine box for travel & home. If you're not completely satisfied with our medicine organiser, we offer a 100% satisfaction guarantee. Your happiness is our priority.""]",499,,https://m.media-amazon.com/images/I/61Ahe0xExNL._SL1500_.jpg,"[""https://m.media-amazon.com/images/I/61Ahe0xExNL._SL1500_.jpg"", ""https://m.media-amazon.com/images/I/61uyn7tAHEL._SL1500_.jpg"", ""https://m.media-amazon.com/images/I/71Kca3CmsjL._SL1500_.jpg"", ""https://m.media-amazon.com/images/I/61F3rlntiCL._SL1500_.jpg"", ""https://m.media-amazon.com/images/I/61ak0jHBreL._SL1500_.jpg"", ""https://m.media-amazon.com/images/I/61PhBPPCvSL._SL1500_.jpg"", ""https://m.media-amazon.com/images/I/61krbGuWgUL._SL1000_.jpg""]","{""Manufacturer"": ""INSIME, INSIME, Plot no 109, Temkar street, Nagpada, Mumbai 400008, Contact: +91-9137949699"", ""Country of Origin"": ""India"", ""Item model number"": ""Pill Organisers"", ""Product Dimensions"": ""15.2 x 12.7 x 5.1 cm; 190 g"", ""ASIN"": ""B0D1MQWRY8"", ""Packer"": ""INSIME"", ""Item Weight"": ""190 g"", ""Item Dimensions LxWxH"": ""15.2 x 12.7 x 5.1 Centimeters"", ""Net Quantity"": ""1.00 count"", ""Generic Name"": ""Pill Organisers""}"
B0C1KWR41K,11364781031,"Centrum OstoCalcium Total Chewable Tablets for Women & Men | Vitamin D & Calcium Tablets to support Strong Bones, Joints & Muscles |30 Tablets","['100% OF DAILY CALCIUM & VITAMIN D REQUIREMENT IN TASTY CHEWABLE TABLETS : Two tablets of Centrum OstoCalcium Total has 100% RDA of Calcium~ & Vitamin D* in tasty chewable format that can be consumed on the go. (*For 13+ Years)', 'CALCIUM EQUAL TO DRINKING 4 CUPS OF MILK: 2 Chewables of Centrum OstoCalcium Total provides you with 1000 mg of Calcium, which is equivalent to the calcium found in four cups of milk.(Ref: Calculations basis Indian Food Composition, NIN)', 'TO SUPPORT BONE, JOINT & MUSCLE STRENGTH : Centrum OstoCalcium Total is a daily health supplement formulated with readily absorbable calcium to support Bone, Joint and Muscle Health.(Ref : Theobald HE. Nutrition Bulletin 2005; 30: 237–277)', 'TO HELP IN BETTER CALCIUM ABSORPTION: It contains vegetarian source of Vitamin D that enhances calcium absorption. (Ref: Harinarayan CV et al., 2021 )', 'Ostocalcium, now known as Centrum OstoCalcium. One bottle is with 30 Mixed Fruit Flavour Chewable Tablets', 'NO NASTIES PROMISE: Centrum OstoCalcium Total is manufactured in a FSSAI certified facility that is GMP certified. These are Vegetarian, Non GMO, By Nature Gluten Free Health Supplement.']",225,,https://m.media-amazon.com/images/I/61Vq58l5tRL._SL1300_.jpg,"[""https://m.media-amazon.com/images/I/61Vq58l5tRL._SL1300_.jpg"", ""https://m.media-amazon.com/images/I/612Jd90CboL._SL1300_.jpg"", ""https://m.media-amazon.com/images/I/61FK3PZghIL._SL1300_.jpg"", ""https://m.media-amazon.com/images/I/61QJ9Iy0afL._SL1300_.jpg"", ""https://m.media-amazon.com/images/I/51ms0YJDjhL._SL1300_.jpg"", ""https://m.media-amazon.com/images/I/61Y8wYp0MCL._SL1300_.jpg""]","{""Manufacturer"": ""Tirupati Lifesciences Private Limited., Tirupati Lifesciences Private Limited, Khewat Number 18/11, adjoin oakswood filling station, Nahan Road, Village Surajpur, Paonta Sahib, Sirmaur, Himachal Pradesh - 173025"", ""Country of Origin"": ""India"", ""Item model number"": ""Total Chewables (30s)"", ""Product Dimensions"": ""4.7 x 4.7 x 7.9 cm; 63 g"", ""ASIN"": ""B0C1KWR41K"", ""Packer"": ""Tirupati Lifesciences Private Limited, Khewat Number 18/11, adjoin oakswood filling station, Nahan Road, Village Surajpur, Paonta Sahib, Sirmaur, Himachal Pradesh - 173025"", ""Item Weight"": ""63 g"", ""Item Dimensions LxWxH"": ""47 x 47 x 79 Millimeters"", ""Net Quantity"": ""30 count"", ""Generic Name"": ""OstoCalcium-Total-Chew(30s)"", ""Best Sellers Rank"": ""#1,016 in Health & Personal Care (See Top 100 in Health & Personal Care)   #6 in Calcium-Vitamin D Combination""}"
B01N2XNE8A,1374499031,"Charak Pharma Kofol Chewable Tablet for Cough, Sore Throat | Ayurvedic Tablets For Seasonal Cough & Bad Breath Each 60 Tablet (Pack of 3)","['Faster Relief from Sore Throat! Kofol Chewable Tablets of Charak are Ayurvedic tablets formulated to help in relieve the consumer from all the throat related problems, like soreness, pain, cough, etc. One pack of this medicine contains 60 tablets to help you get rid of the inflammation and irritation of the throat. The tablet is completely sugar-free, hence, can be used by anyone, including diabetic patients.', 'Say No to Bad Breath! Kofol CT is a composition of medically-beneficial plants, rich in anti-inflammatory properties. It helps in cough and its related discomforts, freeing you from the problems of bad breath.', ""Versatile Combo of Herbs! Charak's Kofol CT brings together the antibacterial and anti-inflammatory properties and cooling effects of medical plants to helps dealing with various problems related to the throat."", 'Direction of Use! Take 1-2 tablets after every 6 hours in a day till symptoms are relieved.', 'Safety Warning Carefully read the label and date of expiry before use. Do not exceed the dosage from what is recommended.', 'It is 100% sugar-free and can be safely used by diabetics.', '60 Chewable tablets in single pack', 'Relieves from bad breath & sore throat']",122,,https://m.media-amazon.com/images/I/61L+SsWnI1L._SL1080_.jpg,"[""https://m.media-amazon.com/images/I/61L+SsWnI1L._SL1080_.jpg"", ""https://m.media-amazon.com/images/I/61iwSrm2zXL._SL1000_.jpg"", ""https://m.media-amazon.com/images/I/51EvHtjzICL._SL1000_.jpg"", ""https://m.media-amazon.com/images/I/5130k6-XZPL._SL1000_.jpg"", ""https://m.media-amazon.com/images/I/61DN+GcrkaL._SL1000_.jpg"", ""https://m.media-amazon.com/images/I/6165ycEicxL._SL1000_.jpg""]","{""Manufacturer"": ""Charak Pharma Pvt Ltd"", ""Country of Origin"": ""India"", ""Item part number"": ""KOFOL CHEWABLE TABLETS 3T"", ""Package Dimensions"": ""6.5 x 5.8 x 2.7 cm; 100 g"", ""ASIN"": ""B01N2XNE8A"", ""Item Weight"": ""100 g"", ""Net Quantity"": ""3.00 count"", ""Best Sellers Rank"": ""#698 in Health & Personal Care (See Top 100 in Health & Personal Care)   #3 in Cough & Cold""}"
B0BBM7JXL3,27060758031,"Zandu Vigorex MAX, 20 caps, enriched with Shilajit, Gold, Saffron, Pearl and Ashwagandha for intensity and energy","['*Daily Energizer. Ayurvedic Capsule. *10 Powerful Ayurvedic Ingredients like Shilajit, Gold, Saffron, Pearl, Ashwagandha, Kaunch Beej, Safed Musali, Yasad Bhasma, Gokshur & Shatavari *Helps Provide More Energy, More Intensity *One Capsule twice a day, preferably with milk or as directed by the physician. *For best results, use consistently & experience progressive long-lasting overall health benefits *Zandu Vigorex Max should be avoided for: Pregnant & lactating mothers and children']",381,,https://m.media-amazon.com/images/I/61DHTwqeSiL._SL1500_.jpg,"[""https://m.media-amazon.com/images/I/61DHTwqeSiL._SL1500_.jpg"", ""https://m.media-amazon.com/images/I/71xHR7qDSuL._SL1500_.jpg"", ""https://m.media-amazon.com/images/I/61O0ajXKldL._SL1500_.jpg"", ""https://m.media-amazon.com/images/I/71C1-pDdEQL._SL1500_.jpg"", ""https://m.media-amazon.com/images/I/61RtI4CTlBL._SL1500_.jpg"", ""https://m.media-amazon.com/images/I/617tqL+ShrL._SL1500_.jpg"", ""https://m.media-amazon.com/images/I/61mLUJ30LYL._SL1500_.jpg""]","{""Manufacturer"": ""Emami Ltd, Emami Ltd"", ""Country of Origin"": ""India"", ""Item model number"": ""8901248741125"", ""Product Dimensions"": ""4 x 4 x 7.3 cm; 18 g"", ""ASIN"": ""B0BBM7JXL3"", ""Packer"": ""Emami Ltd"", ""Item Weight"": ""18 g"", ""Item Dimensions LxWxH"": ""40 x 40 x 73 Millimeters"", ""Net Quantity"": ""20 count"", ""Generic Name"": ""Capsules"", ""Best Sellers Rank"": ""#3,603 in Health & Personal Care (See Top 100 in Health & Personal Care)   #19 in Ashwagandha""}"
B08RK7RHT3,4264025031,Baidyanath Sidpiles Tablets for Piles - 50 Tablet,"['Manufactured by Shree Baidyanath Ayurved Bhawan Pvt Ltd', 'Pure Ayurveda Products', 'Dosage: 1 to 2 twice daily with water. Or as advised by the physician.']",189,,https://m.media-amazon.com/images/I/51N0j5H-OvL._SL1100_.jpg,"[""https://m.media-amazon.com/images/I/51N0j5H-OvL._SL1100_.jpg"", ""https://m.media-amazon.com/images/I/61dtxRnsWyL._SL1100_.jpg"", ""https://m.media-amazon.com/images/I/61eLYIU-tML._SL1100_.jpg"", ""https://m.media-amazon.com/images/I/610q3P9vmgL._SL1100_.jpg""]","{""Manufacturer"": ""SHREE BAIDYANATH AYURVED BHAWAN PVT LTD, AYURPARK HEALTHCARE LIMITED #32/3, Upasapura Village, Malur Tq, Kolar Dist - 563130 / BRIJ HONEY PVT. LTD., BHARATPUR. VILLAGE TEHRA LODHA,NH-11, BHARATPUR-AGRA HIGHWAY,BHARATPUR.,BHARATPUR - 321001,,RAJASTHAN,INDIA"", ""Country of Origin"": ""India"", ""Item model number"": ""SIDPLIES_50TABS"", ""Product Dimensions"": ""11 x 1.4 x 4 cm; 25 g"", ""ASIN"": ""B08RK7RHT3"", ""Packer"": ""SHREE BAIDYANATH AYURVED BHAWAN PVT LTD"", ""Item Weight"": ""25 g"", ""Item Dimensions LxWxH"": ""11 x 1.4 x 4 Centimeters"", ""Net Quantity"": ""1.00 count"", ""Included Components"": ""NIMBOLI, KHASH(SUGANDHAWALA), KAHARAVA PISHTI, KUTKI, KHUNKHARABA [ LALBOL ], HIRABOL, BAKAYAN MAGAJ, BAHEDA CHHILKA, HARAD BADI [HARITAKI], AAWALA KALI, SPHATIKA BHASMA, NAGKESHAR, RASONT, SURAN,JAMIN KANDA (SUKHA)"", ""Generic Name"": ""Baidyanath Sidpiles"", ""Best Sellers Rank"": ""#4,124 in Health & Personal Care (See Top 100 in Health & Personal Care)   #109 in Chyawanprash""}"
B005M9NZTC,1374501031,"Gasex Himalaya ,100 Tablets Improves Digestion Relieves Trapped Gasses Provides Relief From Bloating","['Manufactured by : The Himalaya Drug Company', 'Indications : for the treatment of Indigestion (Agnimandya)', 'Dosage : 2-3 tablets after meals or when required']",151,,https://m.media-amazon.com/images/I/713EEiC1AbL._SL1500_.jpg,"[""https://m.media-amazon.com/images/I/713EEiC1AbL._SL1500_.jpg"", ""https://m.media-amazon.com/images/I/71IGs9MmjML._SL1500_.jpg"", ""https://m.media-amazon.com/images/I/81mNvdf-MTL._SL1500_.jpg""]","{""Manufacturer"": ""The Himalaya Drug Company"", ""Country of Origin"": ""India"", ""Item model number"": ""7000146"", ""Product Dimensions"": ""2.2 x 3.2 x 6 cm; 52 g"", ""ASIN"": ""B005M9NZTC"", ""Item Weight"": ""52 g"", ""Item Dimensions LxWxH"": ""22 x 32 x 60 Millimeters"", ""Net Quantity"": ""100 count"", ""Best Sellers Rank"": ""#2,233 in Health & Personal Care (See Top 100 in Health & Personal Care)   #13 in Digestion & Nausea""}"
B08R67DG85,1374501031,"Traya Gutt Health Tablets, Medicine for Constipation, Bloating & Gas Relief, Natural Metabolism Booster, Helps Improve Acidity, Contain Ginger, Clove, Cardamom, Digestive Enzymes (30 Tablet)","['IT CONTAINS AYURVEDIC INGREDIENTS: A proprietary blend of thirteen essential purifying Ayurvedic herbs that include Amla, Behada, Long Pepper, Turpeth, Vidanga, Black Pepper, Clove, Cardamom, Ginger, Nutgrass, Bibhitaki, Haritaki, and Indian Bay Leaf are fortified in this digestion tablet to keep your gut healthy.', 'BACKED BY AYURVEDIC SCIENCE: With the goodness of ayurvedic herbs, regular consumption of these healthy gut tablets may help to keep a check on your overall gut health like increasing good bacteria, better hair and skin health, helps regulate bowel movements, relieves in constipation and gas problems.', 'HOW LONG DOES IT TAKE TO SEE RESULTS?: These gut health tablets may probably take 5-6 months to help you provide complete relief from digestive problems, detox and cleanse internally.', 'DOSAGE INSTRUCTIONS: Easy digestive tablets for complete gut cleanse. This single bottle of gut tablets provides you with one month of dosage. We recommend consuming one tablet per day before dinner to restore gut health.', 'Gut Shuddhi alone doesn’t help resolve Hair loss. It is a matter of internal and external imbalances which differ from person to person. Know that Hair Growth can only be achieved over time by holistic treatment of the underlying issues which can be achieved by following the complete Traya treatment plan.']",192,,https://m.media-amazon.com/images/I/516gJ0Ees-L._SL1100_.jpg,"[""https://m.media-amazon.com/images/I/516gJ0Ees-L._SL1100_.jpg"", ""https://m.media-amazon.com/images/I/71D4zHVg8jL._SL1500_.jpg"", ""https://m.media-amazon.com/images/I/51BGObUG6gL._SL1125_.jpg"", ""https://m.media-amazon.com/images/I/516Ul5k2n6L._SL1000_.jpg"", ""https://m.media-amazon.com/images/I/71rNJkI5WLL._SL1500_.jpg"", ""https://m.media-amazon.com/images/I/61CsEHZMMML._SL1500_.jpg"", ""https://m.media-amazon.com/images/I/512sCrXFRfL.jpg""]","{""Manufacturer"": ""Gayatri Ayupharma"", ""Country of Origin"": ""India"", ""Item part number"": ""GA-1061"", ""Product Dimensions"": ""4.5 x 4.5 x 8 cm; 50 g"", ""ASIN"": ""B08R67DG85"", ""Packer"": ""Tatvartha Health Pvt Ltd"", ""Item Weight"": ""50 g"", ""Item Dimensions LxWxH"": ""45 x 45 x 80 Millimeters"", ""Net Quantity"": ""30.00 count"", ""Generic Name"": ""Ayurvedic Tablet"", ""Best Sellers Rank"": ""#2,396 in Health & Personal Care (See Top 100 in Health & Personal Care)   #17 in Digestion & Nausea""}"
B003D83EKO,1374501031,"Dabur Hajmola Tasty Digestive Tablets (Imli Flavour) - 120 Tabs | Healthy, Tasty & Chatpata | Ayurvedic Tablets For Improved Digestion | Relief From Flatulence","['Chatpata tablets, fun to have at any time of the day', 'Improves digestion for kids and adults', 'Useful in cases of indigestion, loss of appetite and flatulence', 'Great way to enjoy while staying healthy', 'Chatpata taste is good for a change of taste in mouth']",64,,https://m.media-amazon.com/images/I/711+PqFErGL._SL1500_.jpg,"[""https://m.media-amazon.com/images/I/711+PqFErGL._SL1500_.jpg"", ""https://m.media-amazon.com/images/I/61T6ypVJYHL._SL1001_.jpg"", ""https://m.media-amazon.com/images/I/61eihh6FMfL._SL1001_.jpg"", ""https://m.media-amazon.com/images/I/615y8t3bK4L._SL1001_.jpg"", ""https://m.media-amazon.com/images/I/612XT5YpIpL._SL1001_.jpg"", ""https://m.media-amazon.com/images/I/619Tjh4cKiL._SL1001_.jpg"", ""https://m.media-amazon.com/images/I/61nv+yDTC8L._SL1125_.jpg""]","{""Manufacturer"": ""Dabur, Dabur India Ltd , Village Manakpur , Tehsil Baddi , Solan (HP) -174101 Tel No:1800-103-1644"", ""Country of Origin"": ""India"", ""Item model number"": ""FC41712B"", ""Product Dimensions"": ""118.1 x 39.4 x 216.5 cm; 190 g"", ""ASIN"": ""B003D83EKO"", ""Packer"": ""Dabur India Ltd , Village Manakpur , Tehsil Baddi , Solan (HP) -174101 Tel No:1800-103-1644"", ""Item Weight"": ""190 g"", ""Item Dimensions LxWxH"": ""118.1 x 39.4 x 216 Centimeters"", ""Net Quantity"": ""120 count"", ""Included Components"": ""1"", ""Generic Name"": ""Tablet"", ""Best Sellers Rank"": ""#1,091 in Health & Personal Care (See Top 100 in Health & Personal Care)   #5 in Digestion & Nausea""}"
B07KLZ18RY,4264025031,"Nveda BP Control for Blood pressure, Ayurvedic Medicine, Hypertension Management, 60 Capsules","['CONTAINS 7 AYURVEDIC HERBS: Sarpgandha;Punarnava;Goksura;Bhumyamalaki;Ashwagandha;Jatmansi;Arjuna; Is_expiration_dated_product: Y;Unit Count: 60 Capsules per Bottle.', 'REJUVENATES CARDIOVASUCLAR SYSTEM: It is used to reduce stress, improves cognitive function and sleep.', 'KEEPS HEART HEALTHY: All top quality natural herbs selected from those traditionally used for blood pressure and heart benefits.', 'FORMULATED BY MEDICAL PRACTITIONERS: Exclusively formulated by experienced medical practitioners. Formulated for optimal ingredient ratio.', 'AYURVEDIC AUTHORITY & AYUSH APPROVED: B Capsules has been certified as per the norms & Ref. of Ayurvedic Formulary of India and has also been Approved by AYUSH, Ayurvedic Govt Organization.']",395,,https://m.media-amazon.com/images/I/61cDiyICMiL._SL1500_.jpg,"[""https://m.media-amazon.com/images/I/61cDiyICMiL._SL1500_.jpg"", ""https://m.media-amazon.com/images/I/616m58e9f7L._SL1500_.jpg"", ""https://m.media-amazon.com/images/I/61R8cBJS4YL._SL1200_.jpg"", ""https://m.media-amazon.com/images/I/21b8fv21-GL.jpg""]","{""Manufacturer"": ""Sai Healthcare"", ""Country of Origin"": ""India"", ""Item part number"": ""GF-415612"", ""Product Dimensions"": ""4.6 x 4.6 x 8.8 cm; 50 g"", ""ASIN"": ""B07KLZ18RY"", ""Item Weight"": ""50 g"", ""Item Dimensions LxWxH"": ""46 x 46 x 88 Millimeters"", ""Net Quantity"": ""60 count"", ""Best Sellers Rank"": ""#2,968 in Health & Personal Care (See Top 100 in Health & Personal Care)   #52 in Chyawanprash""}"
B074KRKRGW,1374499031,"Dabur Honitus Hot Sip - Pack of 30 Sachets ( 4gx30 )| 100% Ayurvedic Kadha | Provides Instant Relief from Cough, Cold & Sore Throat | Natural Immunity Booster | Unique Blend of 15 Ayurvedic Herbs","['First line of defence against cough and cold', 'Ayurvedic granules. Suitable For Children, Adult', ""Nature's secret to treating cough"", 'Effective relief from sore throat', 'Easy to use']",300,,https://m.media-amazon.com/images/I/81EycYtifoL._SL1500_.jpg,"[""https://m.media-amazon.com/images/I/81EycYtifoL._SL1500_.jpg"", ""https://m.media-amazon.com/images/I/818HLa9Y5LL._SL1500_.jpg"", ""https://m.media-amazon.com/images/I/81deaVJ21IL._SL1500_.jpg"", ""https://m.media-amazon.com/images/I/719CO+mAsqL._SL1500_.jpg""]","{""Manufacturer"": ""Dabur, Dabur India Ltd. 22, Site IV, Sahibabad (UP)- 201010 Toll Free No:1800-103-1644"", ""Country of Origin"": ""India"", ""Item model number"": ""FA072004T"", ""Product Dimensions"": ""275.6 x 157.5 x 236.2 cm; 120 g"", ""ASIN"": ""B074KRKRGW"", ""Packer"": ""Dabur India Ltd. 22, Site IV, Sahibabad (UP)- 201010 Toll Free No:1800-103-1644"", ""Item Weight"": ""120 g"", ""Item Dimensions LxWxH"": ""2.76 x 1.58 x 2.36 Meters"", ""Net Quantity"": ""120.0 gram"", ""Included Components"": ""1"", ""Generic Name"": ""Granules"", ""Best Sellers Rank"": ""#765 in Health & Personal Care (See Top 100 in Health & Personal Care)   #4 in Cough & Cold""}"
B0B5DXMWS6,1374494031,"AVP Haridrakhandam 150g | Allergy Rakshak | Ayurvedic Medicine With Strength of Turmeric, Amla and Ela | Cold and Cough | Skin Allergies | Boosts Natural Immunity | No Preservatives | No Chemicals","['Turmeric based immune support: Curcumin in Haridrakhandam helps maintain natural immunity in kids and adults alike', 'Helps fight seasonal allergies: The formula helps in equipping the body’s defence mechanism to fight against recurrent allergies', 'Supports skin health: Haridrakhandam aids faster relief in itching, rashes and other manifestations associated with allergic reactions', 'Eases respiratory difficulties: Haridrakhandam is enriched with herbs like cardamom, beneficial in soothing the respiratory tract in allergic reactions', '80 YEARS LEGACY: AVP since 1943 has been a pioneer in Ayurveda medicine manufacturing, treatment, education and research. All products are produced in our GMP and ISO certified manufacturing facilities under strict quality assurance mechanisms.']",353,,https://m.media-amazon.com/images/I/81MccwswWaL._SL1500_.jpg,"[""https://m.media-amazon.com/images/I/81MccwswWaL._SL1500_.jpg"", ""https://m.media-amazon.com/images/I/71eDbX12AaL._SL1500_.jpg"", ""https://m.media-amazon.com/images/I/71oCav8TblL._SL1500_.jpg"", ""https://m.media-amazon.com/images/I/71oFOVoL1OL._SL1500_.jpg"", ""https://m.media-amazon.com/images/I/71b3yMyLPXL._SL1500_.jpg"", ""https://m.media-amazon.com/images/I/719k3XwzMxL._SL1500_.jpg""]","{""Manufacturer"": ""The Arya Vaidya Pharmacy (Coimbatore) India Ltd, The Arya Vaidya Pharmacy (Coimbatore) Ltd.Opp.Railway Station, Kanjikode, Palakkad - 678621"", ""Country of Origin"": ""India"", ""Item model number"": ""8904184800109"", ""Product Dimensions"": ""6.2 x 6.2 x 10.8 cm; 188 g"", ""ASIN"": ""B0B5DXMWS6"", ""Packer"": ""Ten X Commerce LLP, Aramex India Pvt. Ltd., Sai Dhara Logistic Park, Mumbai-Nasik Road, Bhiwandi-421302."", ""Importer"": ""Arya Vaidya Pharmacy (Coimbatore) India Ltd"", ""Item Weight"": ""188 g"", ""Item Dimensions LxWxH"": ""6.2 x 6.2 x 10.8 Centimeters"", ""Net Quantity"": ""150.0 gram"", ""Generic Name"": ""Highly Effective Ayurvedic Medicine For Irritations, Inflammations Caused By Allergies"", ""Best Sellers Rank"": ""#15,153 in Health & Personal Care (See Top 100 in Health & Personal Care)   #6,114 in Health Care""}"
B0CM295S3K,4264019031,r 40 homeopathic medicine pack of 2(22mlx2),"['Pack of 2', 'Total 44 ml', '22 ml per bottle']",490,,https://m.media-amazon.com/images/I/61linOFoRwL._SL1500_.jpg,"[""https://m.media-amazon.com/images/I/61linOFoRwL._SL1500_.jpg"", ""https://m.media-amazon.com/images/I/51chIqACjvL._SL1500_.jpg"", ""https://m.media-amazon.com/images/I/4184OJ+lJtL._SL1500_.jpg"", ""https://m.media-amazon.com/images/I/51lXoQ+1vNL._SL1500_.jpg""]","{""Manufacturer"": ""Dr reckeweg and co, D64625, Bensheim-Germany, www.reckeweg.de"", ""Country of Origin"": ""Germany"", ""Item part number"": ""R40 2"", ""ASIN"": ""B0CM295S3K"", ""Net Quantity"": ""2.00 count"", ""Best Sellers Rank"": ""#12,948 in Health & Personal Care (See Top 100 in Health & Personal Care)   #42 in Single Homeopathic Remedies""}"
B0792TG5R5,27060736031,"Himalaya Arjuna - 60 Tablets, White","['Manufactured by : The Himalaya Drug Company', 'Indications : Heart Diseases - Arrhythmia, hypertension', 'Recommended Dosage : 1 tablet twice daily or as directed by your physician', 'Country of Origin: India']",200,,https://m.media-amazon.com/images/I/71bQjjcRd6L._SL1500_.jpg,"[""https://m.media-amazon.com/images/I/71bQjjcRd6L._SL1500_.jpg"", ""https://m.media-amazon.com/images/I/61VzPwc3PfL._SL1024_.jpg"", ""https://m.media-amazon.com/images/I/51N9XOybxXL._SL1024_.jpg"", ""https://m.media-amazon.com/images/I/61DZvRNVQfL._SL1024_.jpg"", ""https://m.media-amazon.com/images/I/41uBaytUAJL._SL1024_.jpg""]","{""Manufacturer"": ""Himalaya, Himalaya, The Himalaya Drug Company, Makali, Bengalure, 562162; 1-800-208-1930"", ""Country of Origin"": ""India"", ""Item model number"": ""7002259"", ""Product Dimensions"": ""6.1 x 4.8 x 9.2 cm; 140 g"", ""ASIN"": ""B0792TG5R5"", ""Packer"": ""The Himalaya Drug Company, Makali, Bengalure, 562162; 1-800-208-1930"", ""Item Weight"": ""140 g"", ""Item Dimensions LxWxH"": ""6.1 x 4.8 x 9.2 Centimeters"", ""Net Quantity"": ""60 count"", ""Included Components"": ""60 tablets"", ""Generic Name"": ""Arrhythmia, hypertension Hepatitis-B"", ""Best Sellers Rank"": ""#1,503 in Health & Personal Care (See Top 100 in Health & Personal Care)   #1 in Arjuna""}"
B07PBJNS5X,11364765031,"Kerala Ayurveda Triphala Tablet | Helps with Gut Health, Constipation | 100% Ayurvedic Medicine for Constipation | Regulates Bowel movement | Wild Amla, Haritaki, Vibhitaki| 100 Tablets","['Quantity: 100 nos; Item Form: Tablet;', 'Relieves constipation and maintains regularity- Kerala Ayurveda Triphala Tablet - an all-natural Ayurvedic remedy that promotes regularity and helps maintain a healthy gut.', 'Boosts metabolism and digestion - Enjoy the benefits of good digestion and a healthier gut with the Kerala Ayurveda Triphala Tablet. This ayurvedic remedy boosts metabolism and promotes colon health and bowel wellness.', 'Cleanses the body- Discover the cleansing benefits of the Kerala Ayurveda Triphala Tablet. This potent formula gently cleanses your colon and eliminates toxins by promoting comfortable and easy bowel movements.', ""Promotes gut health- Nurture your gut health with Kerala Ayurveda Triphala Tablet. This powerful ayurvedic remedy supports regular bowel movements, boosts digestion, and even helps heal the gut's endothelium faster and more efficiently."", 'Easy to carry- Experience the convenience of Kerala Ayurveda Triphala Tablet - a modified dosage form that contains all the goodness of Triphala in an easy-to-consume and carry form.', ""Usage: 1 to 2 tablets twice daily after food or as directed by the physician. If you're experiencing temporary constipation, try taking Kerala Ayurveda Triphala Tablets at night and enjoy a smooth morning."", ""Target Audience: All Adults. Note: If you're pregnant, nursing, taking blood thinners, or have liver disease, it's important to consult with your Ayurvedic doctor before consuming Kerala Ayurveda Triphala Tablets"", 'Original Ayurveda | 100% Herbal and Natural | No added Fragrance or Colour | Paraben Free | No Mineral Oil or Petroleum by-products used']",237,,https://m.media-amazon.com/images/I/619kUFbeMsL._SL1500_.jpg,"[""https://m.media-amazon.com/images/I/619kUFbeMsL._SL1500_.jpg"", ""https://m.media-amazon.com/images/I/51ht9J-MUsL._SL1500_.jpg"", ""https://m.media-amazon.com/images/I/61pvfBTRldL._SL1080_.jpg"", ""https://m.media-amazon.com/images/I/71VjBG03FnL._SL1500_.jpg"", ""https://m.media-amazon.com/images/I/61fm3fr+HmL._SL1500_.jpg"", ""https://m.media-amazon.com/images/I/61NFE5Y20TL._SL1500_.jpg"", ""https://m.media-amazon.com/images/I/51TEywSd0DL._SL1080_.jpg""]","{""Manufacturer"": ""Kerala Ayurveda, Kerala Ayurveda Limited - Athani Post, Aluva, Ernakulam District, Kerala \u2013 683585. Contact No : +91-484-2476301"", ""Country of Origin"": ""India"", ""Item model number"": ""46/25D/94"", ""Product Dimensions"": ""10 x 6 x 11 cm; 100 g"", ""ASIN"": ""B07PBJNS5X"", ""Packer"": ""Kerala Ayurveda Limited - Athani Post, Aluva, Ernakulam District, Kerala \u2013 683585. Contact No : +91-484-2476301"", ""Item Weight"": ""100 g"", ""Item Dimensions LxWxH"": ""10 x 6 x 11 Centimeters"", ""Net Quantity"": ""100 count"", ""Included Components"": ""Kerala Ayurveda Triphala Tablet 100 Tab"", ""Generic Name"": ""Tablet"", ""Best Sellers Rank"": ""#4,698 in Health & Personal Care (See Top 100 in Health & Personal Care)   #19 in Triphala""}"
B084J19ZQ6,18049712031,Avil 25 - Strip of 15 Tablets,"['Composition: Pheniramine Maleate IP 25 Milligram, Excipients QS', 'This product will have minimum 6 months’ expiry at the time of order dispatch.', 'Storage: Store below 30⁰C, protected from light & moisture. Keep out of reach of children.', 'Marketed By: Sanofi India Ltd', 'Dosage: 1 tablet 2 - 3 times daily or As directed by the physician', 'Schedule G prescription Drug, Warning: It is dangerous to take this preparation except under medical supervision']",10.20,,https://m.media-amazon.com/images/I/81XZuD9YdhL._SL1500_.jpg,"[""https://m.media-amazon.com/images/I/81XZuD9YdhL._SL1500_.jpg"", ""https://m.media-amazon.com/images/I/8177sVynwFL._SL1500_.jpg"", ""https://m.media-amazon.com/images/I/51vCMlFJcJL._SL1000_.jpg""]","{""Manufacturer"": ""Sanofi India Ltd"", ""Country of Origin"": ""India"", ""Item model number"": ""369898"", ""Product Dimensions"": ""10 x 7 x 2 cm; 15 g"", ""ASIN"": ""B084J19ZQ6"", ""Item Weight"": ""15 g"", ""Item Dimensions LxWxH"": ""10 x 7 x 2 Centimeters"", ""Net Quantity"": ""15.00 Count""}"
9383124512,4149549031,Bedside Respiratory Medicine,[],1475,,https://m.media-amazon.com/images/I/511HB8DzBaL.jpg,"[""https://m.media-amazon.com/images/I/511HB8DzBaL.jpg""]","{""Publisher"": ""Paras medical (10 November 2017)"", ""Language"": ""English"", ""Paperback"": ""780 pages"", ""ISBN-10"": ""9383124512"", ""ISBN-13"": ""978-9383124510"", ""Item Weight"": ""1 kg 360 g"", ""Dimensions"": ""20 x 14 x 4 cm"", ""Best Sellers Rank"": ""#46,308 in Books (See Top 100 in Books)    #96 in General Medicine"", ""Customer Reviews"": ""4.4    4.4 out of 5 stars     \n\n                       115 ratings""}"
B087X9XS1K,4264025031,Dabur Ashwagandha Capsules Immunity Booster - 20 Capsules | 100% Ayurvedic | Relieves Stress & Increases Stamina | Immunity Booster,"['Brand name: dabur', 'Dabur ashwagandha capsules have excellent immune-boosting effects on the immune system', 'In scientific studies, dabur ashwagandha capsules have shown to support the adrenals via reducing cortisol levels that helps counter the negative effects of this hormone', 'Dabur ashwagandha capsules supplementation has shown to improve strength and stamina by improving heart and lung capacity while increasing energy levels', 'Package Content: 1 Ashwagandha Capsules; Quantity: 20 Capsules']",65,,https://m.media-amazon.com/images/I/71-zTf6EtML._SL1500_.jpg,"[""https://m.media-amazon.com/images/I/71-zTf6EtML._SL1500_.jpg"", ""https://m.media-amazon.com/images/I/71pr-rap-aL._SL1500_.jpg"", ""https://m.media-amazon.com/images/I/61pXVvLvL7L._SL1500_.jpg"", ""https://m.media-amazon.com/images/I/71ssdrxAykL._SL1500_.jpg"", ""https://m.media-amazon.com/images/I/71K74lN6lBL._SL1500_.jpg"", ""https://m.media-amazon.com/images/I/71EsyofBCtL._SL1500_.jpg"", ""https://m.media-amazon.com/images/I/71jh3MhrWKL._SL1500_.jpg""]","{""Manufacturer"": ""Dabur India Ltd, shahyash729amazon@gmail.com"", ""Country of Origin"": ""India"", ""Item model number"": ""FA135010"", ""Product Dimensions"": ""1.3 x 1.7 x 9.6 cm; 300 g"", ""ASIN"": ""B087X9XS1K"", ""Packer"": ""JAYANTILAL AND BROTHERS,GALA NO 6-7,NADIYADWALA COMPOUND,HAJI BAPU ROAD,MALAD EAST,MUMBAI 400097"", ""Importer"": ""JAYANTILAL AND BROTHERS,GALA NO 6-7,NADIYADWALA COMPOUND,HAJI BAPU ROAD,MALAD EAST,MUMBAI 400097"", ""Item Weight"": ""300 g"", ""Item Dimensions LxWxH"": ""13 x 17 x 96 Millimeters"", ""Net Quantity"": ""20 count"", ""Included Components"": ""DABUR Ashwagandha Capsules : Immunity Booster - 20 Capsules"", ""Generic Name"": ""DABUR Ashwagandha Capsules: Immunity Booster - 20 Capsules"", ""Best Sellers Rank"": ""#6,268 in Health & Personal Care (See Top 100 in Health & Personal Care)   #254 in Chyawanprash""}"
B08KGGGKSX,14095357031,"Sanyasi Sehat Tablet - Ayurvedic Medicine For Weight Gain, 120 Tab","['Weight and Muscle Gainer: Helps to increase Weight and Muscle with the help of natural and ayurvedic ingredients', 'Improve Digestive System: Sanyasi Sehat tablet helps in strengtheing the digestive system so that whatever we eat is completely digested and absorbed in our body.', 'Appetite Increaser: Helps to increase appetite so that our body gets the full squeeze of whatever we eat and increase the strength, energy and stamina.', 'Blood Booster: Sanyasi sehat tablet helps to increase blood, RBC and WBC in our body and give us power to fight disease.', 'Highest Quailty Guarantee source: Our premium quality ayurvedic herbs which have all the required nutrition. These high potency herbs directly impact the root cause of the problem and have no side effects.', ""NO side effects: Sanyasi sehat tablets are totally made by natural ingredients.whcih doesn't have any side effect on the body and 100% safe .""]",799,,https://m.media-amazon.com/images/I/51HghQZ4lzL._SL1080_.jpg,"[""https://m.media-amazon.com/images/I/51HghQZ4lzL._SL1080_.jpg"", ""https://m.media-amazon.com/images/I/51xrjDOY1oL.jpg"", ""https://m.media-amazon.com/images/I/51q6xs5aVRL.jpg"", ""https://m.media-amazon.com/images/I/41PCYzpPlUL.jpg"", ""https://m.media-amazon.com/images/I/71MDEl+8ZaL._SL1500_.jpg""]","{""Manufacturer"": ""J A Pharma, Phone no. 011-45454545"", ""Country of Origin"": ""India"", ""Item part number"": ""JA-177"", ""Product Dimensions"": ""14 x 4 x 10 cm; 100 g"", ""ASIN"": ""B08KGGGKSX"", ""Item Weight"": ""100 g"", ""Item Dimensions LxWxH"": ""14 x 4 x 10 Centimeters"", ""Net Quantity"": ""120.0 count"", ""Generic Name"": ""Tablet""}"
B09WJ5BLVF,11364749031,"Gynoveda Liver Detox Ayurvedic Supplement Beneficial For Fatty Liver Kutki + 12 Herbs Helps Reduce Damage Caused By Alcohol, Allopathic Medicines, Pack of 1","['✅BENEFITS: Supports healthy liver functions. Beneficial for fatty liver. Improves metabolism to help you manage weight. This Ayurvedic Liver Tonic is a powerful liver care supplement to help protect from damage caused by free radicals, excessive alcohol consumption, various allopathic medicines & drugs. Ab apne liver ko rakhe hamesha swasth aur tandurust!', '✅DOSAGE & DURATION: Consume daily 2 tablets after breakfast & 2 tablets after dinner. Consume for minimum 3 months for best results. In case of Fatty Liver, consume for minimum 6 months. SUITABLE FOR – Anyone who has any liver disorders, fatty liver, high cholesterol, chronic digestion issues & low metabolism, or consumes junk or processed food, alcohol can have this Ayurvedic Liver Detox Supplement.', '✅HOW IT WORKS: Ancient Ayurvedic scripture ‘Charak Samhita’ & 100s of clinical research papers found KUTKI to be a potent formula to support healthy liver functions & help protect it from external damage. Guggulu is beneficial for fatty liver. When combined with other herbs, Guggulu helps in improving their benefits. Triphala improves quality of bile or digestive juices that throw out waste from your body. Neem Juice ensures 100% absorption of all 13 herbs for a healthy liver.', '✅HOW IT’S MADE: Most potent variety of Kutki is handpicked from the lands of Himalaya, sundried & mixed with powders of other herbs like Guggulu, Triphala & more. This mixture is then blended with Neem Juice and cold-pressed into tablets to improve its power. This process makes the tiny tablet more effective than regular chemical-based milk thistle capsules for liver, cod liver oil capsules omega 3, fatty liver medicine, liver health supplement.', '✅ABOUT PRODUCT: Gynoveda Liver Detox is 100% Ayurvedic formula made with 13 clinically tested pure herbs. Made in GMP certified factory with FDA approval. Zero Side-effects. Better than other liver detox products like milk thistle tablets, fatty liver ayurvedic medicine, cod liver oil capsules for women, ordinary cod liver oil, raw kutki powder, fish liver oil, silymarin tablets.']",770,,https://m.media-amazon.com/images/I/71VwhtBADQL._SL1500_.jpg,"[""https://m.media-amazon.com/images/I/71VwhtBADQL._SL1500_.jpg"", ""https://m.media-amazon.com/images/I/61v8Pgz6YTL._SL1500_.jpg"", ""https://m.media-amazon.com/images/I/61hQWbhTa0L._SL1500_.jpg"", ""https://m.media-amazon.com/images/I/81TMc7jp1OL._SL1500_.jpg"", ""https://m.media-amazon.com/images/I/81D9a0fz77L._SL1500_.jpg"", ""https://m.media-amazon.com/images/I/71W0ePUrpQL._SL1500_.jpg""]","{""Manufacturer"": ""Gynoveda Femtech Private Ltd."", ""Country of Origin"": ""India"", ""Item part number"": ""GYN-LIVERDETOX"", ""Package Dimensions"": ""5.1 x 5.1 x 1 cm; 100 g"", ""ASIN"": ""B09WJ5BLVF"", ""Item Weight"": ""100 g"", ""Net Quantity"": ""120.00 count"", ""Generic Name"": ""OTHER NUTRITIONAL SUPPLEMENTS"", ""Best Sellers Rank"": ""#5,315 in Health & Personal Care (See Top 100 in Health & Personal Care)   #18 in Milk Thistle""}"
8131266281,4149549031,"Medicine: Prep Manual for Undergraduates, 7e",[],999,,https://m.media-amazon.com/images/I/51Gf65ztyzL.jpg,"[""https://m.media-amazon.com/images/I/51Gf65ztyzL.jpg""]","{""Publisher"": ""Elsevier; Standard Edition (2 February 2023); ELSEVIER, www.elsevier.com, 14th Floor, Building No 10 B, DLF Cyber City, Phase \u2013 II, Gurgaon, Haryana (India) 122002"", ""Language"": ""English"", ""Paperback"": ""1104 pages"", ""ISBN-10"": ""8131266281"", ""ISBN-13"": ""978-8131266281"", ""Item Weight"": ""1 kg 980 g"", ""Dimensions"": ""27.9 x 21.6 x 4.3 cm"", ""Country of Origin"": ""India"", ""Net Quantity"": ""1.98 Kilograms"", ""Importer"": ""ELSEVIER www.elsevier.com 14th Floor, Building No 10 B, DLF Cyber City, Phase \u2013 II, Gurgaon Haryana (India) 122002"", ""Packer"": ""ELSEVIER www.elsevier.com 14th Floor, Building No 10 B, DLF Cyber City, Phase \u2013 II, Gurgaon Haryana (India) 122002"", ""Generic Name"": ""Book"", ""Best Sellers Rank"": ""#6,721 in Books (See Top 100 in Books)    #9 in Internal Medicine"", ""Customer Reviews"": ""4.4    4.4 out of 5 stars     \n\n                       57 ratings""}"
B07YDQVZRM,4264026031,Mee Mee Accurate Medicine Dropper & Dispenser (Orange),"['Conforms to international safety standards for hygienic reasons', 'All parts of the medicine dispenser are BPA free and for complete safety', 'Easy-to-read scale (upto 3ml) for convenient usage']",199,,https://m.media-amazon.com/images/I/414DP8AmQ9L._SL1024_.jpg,"[""https://m.media-amazon.com/images/I/414DP8AmQ9L._SL1024_.jpg"", ""https://m.media-amazon.com/images/I/61ukb8Yp6kL._SL1500_.jpg"", ""https://m.media-amazon.com/images/I/61RYMDqInaL._SL1500_.jpg"", ""https://m.media-amazon.com/images/I/61OEDltC37L._SL1500_.jpg"", ""https://m.media-amazon.com/images/I/61Rs2SyPy3L._SL1500_.jpg"", ""https://m.media-amazon.com/images/I/51nRO1r0ShL._SL1500_.jpg"", ""https://m.media-amazon.com/images/I/612SblE4heL._SL1500_.jpg""]","{""Model Number"": ""MM-33020B"", ""Minimum Weight Recommendation"": ""16 Kilograms"", ""Material"": ""Plastic"", ""Material free"": ""BPA Free"", ""Additional product features"": ""BPA free and Non toxic"", ""Number of items"": ""1"", ""Batteries required"": ""No"", ""Dishwasher safe"": ""Yes"", ""Bottle nipple type"": ""All"", ""Bottle type"": ""Standard Bottle"", ""Product Dimensions"": ""10.2 x 1 x 22.4 cm; 30 g"", ""Item model number"": ""MM-33020B"", ""Manufacturer recommended age"": ""12 months - 2 years"", ""Manufacturer"": ""Me N Moms, Me N Moms Pvt. Ltd. , 2, Amar CHS, 8th Road, TPS - III , Behind Telephone Exchange , Khar (W), Mumbai-400052."", ""Country of Origin"": ""India"", ""Item Weight"": ""30 g"", ""ASIN"": ""B07YDQVZRM"", ""Best Sellers Rank"": ""#2,473 in Health & Personal Care (See Top 100 in Health & Personal Care)   #49 in Baby & Child Care"", ""Date First Available"": ""25 September 2019"", ""Packer"": ""Me N Moms Pvt Ltd"", ""Item Dimensions LxWxH"": ""10.2 x 1 x 22.4 Centimeters"", ""Net Quantity"": ""1 gram"", ""Generic Name"": ""Baby Medicine Dropper""}"
B0091J48UE,1374499031,Himalaya Septilin Tablets - 60 Tablets,"['Reduces inflammation', 'Controls allergic symptoms', 'Improves body’s immune responses', 'Prevents reinfection', 'Beneficial in respiratory tract infections']",178,,https://m.media-amazon.com/images/I/41-t9z08s1L._SL1200_.jpg,"[""https://m.media-amazon.com/images/I/41-t9z08s1L._SL1200_.jpg"", ""https://m.media-amazon.com/images/I/61zz7EhXR6L._SL1200_.jpg"", ""https://m.media-amazon.com/images/I/5140WWvg5TL._SL1200_.jpg"", ""https://m.media-amazon.com/images/I/71YYNSYTcIL._SL1200_.jpg"", ""https://m.media-amazon.com/images/I/61UDBhamoxL._SL1200_.jpg"", ""https://m.media-amazon.com/images/I/61fPW5RWv1L._SL1200_.jpg"", ""https://m.media-amazon.com/images/I/514v1RlOo5L._SL1200_.jpg"", ""https://m.media-amazon.com/images/I/61QZoUyHZ8L._SL1200_.jpg""]","{""Manufacturer"": ""Himalaya, The Himalaya Drug Company, Makali, Bengalure, 562162; 1-800-208-1930"", ""Country of Origin"": ""India"", ""Item model number"": ""8901138170714"", ""Product Dimensions"": ""7.6 x 4.2 x 4 cm; 70 g"", ""ASIN"": ""B0091J48UE"", ""Packer"": ""The Himalaya Drug Company, Makali, Bengalure, 562162; 1-800-208-1930"", ""Item Weight"": ""70 g"", ""Item Dimensions LxWxH"": ""7.6 x 4.2 x 4 Centimeters"", ""Net Quantity"": ""60 count"", ""Included Components"": ""60 tablets"", ""Generic Name"": ""Sinusitis, Tonsillitis, Olorrhoea"", ""Best Sellers Rank"": ""#1,917 in Health & Personal Care (See Top 100 in Health & Personal Care)   #9 in Cough & Cold""}"
